STL;Siste;Kjøper;Selger;Høy;Lav;Totalt omsatt (NOK);Totalt antall aksjer omsatt;Antall off. handler;Antall handler totalt;VWAP
05.05.17;146.60;146.50;146.60;147.00;140.40;986006935;6811238;9929;9945;144.7587
04.05.17;142.00;141.80;142.00;146.70;141.60;943125912;6538745;11125;11159;144.2113
03.05.17;141.50;141.40;141.50;141.50;139.40;378748002;2694714;4143;4151;140.5526
02.05.17;141.30;141.30;141.40;142.60;140.30;380801394;2692668;4718;4731;141.4198
28.04.17;141.70;141.70;141.80;142.30;141.20;447138563;3155158;3981;3991;141.7108
27.04.17;140.60;140.60;140.70;142.10;140.30;438451743;3109361;5168;5174;140.9815
26.04.17;142.50;142.20;142.50;142.90;141.30;512244684;3600122;5708;5722;142.2829
25.04.17;142.50;142.50;142.60;143.50;141.80;568798758;3994760;6330;6342;142.3908
24.04.17;143.00;142.90;143.00;143.90;141.80;660971019;4628595;6414;6417;142.8466
21.04.17;141.40;141.40;141.50;142.80;141.00;668600113;4702441;6135;6151;141.6072
20.04.17;141.80;141.70;141.80;142.00;140.70;606769090;4251359;6087;6099;141.4246
19.04.17;142.80;142.70;142.80;143.30;142.00;410343447;2876597;4620;4623;142.6489
18.04.17;143.90;143.80;143.90;147.80;142.60;820211556;5681430;8536;8547;144.3775
12.04.17;149.40;149.30;149.40;149.90;148.60;200844592;1345905;1701;1703;149.2265
11.04.17;148.60;148.50;148.60;149.70;148.00;257227718;1728890;2404;2407;148.7819
10.04.17;149.60;149.50;149.60;149.80;148.60;230953129;1546592;2521;2524;149.3303
07.04.17;149.10;149.00;149.10;150.20;148.60;407439764;2729494;3823;3826;149.2728
06.04.17;149.00;148.90;149.00;149.60;147.70;469019505;3154584;3975;3978;148.6715
05.04.17;150.60;150.60;150.80;151.00;149.60;448130354;2978833;4236;4237;150.4385
04.04.17;148.10;148.10;148.20;149.20;147.40;356726176;2408281;3593;3595;148.1246
03.04.17;148.20;148.20;148.30;149.30;147.90;504006674;3396515;4361;4363;148.3894
31.03.17;146.70;146.70;146.80;148.10;145.90;508264803;3461734;4570;4572;146.8238
30.03.17;148.20;148.00;148.20;148.80;147.00;533152854;3605926;5181;5186;147.8549
29.03.17;144.90;144.90;145.00;145.00;144.00;428194365;2960253;4253;4260;144.6492
28.03.17;143.00;143.00;143.10;143.30;141.70;493381276;3455396;5046;5055;142.7851
27.03.17;142.30;142.20;142.30;144.00;142.00;483283839;3387913;4925;4929;142.6472
24.03.17;144.00;144.00;144.30;145.20;143.90;445360780;3084179;4341;4344;144.4161
23.03.17;144.80;144.80;145.00;146.00;143.70;580153042;4009716;5608;5614;144.6913
22.03.17;146.20;146.20;146.30;147.30;145.00;526151561;3596115;5144;5151;146.3136
21.03.17;148.00;148.00;148.10;150.20;147.90;340577502;2285864;3648;3656;148.9876
20.03.17;148.30;148.30;148.40;149.30;148.00;311738250;2100708;2735;2738;148.4003
17.03.17;149.40;149.40;149.50;150.20;148.40;547770065;3665226;3621;3632;149.385
16.03.17;148.90;148.90;149.00;150.40;148.60;494531338;3311727;5595;5600;149.343
15.03.17;148.20;148.20;148.30;148.40;146.00;630797770;4268067;5290;5296;147.7895
14.03.17;145.50;145.50;145.60;148.80;144.10;711402242;4865431;7367;7371;146.218
13.03.17;147.50;147.50;147.60;148.70;146.90;508123080;3441699;4086;4089;147.6368
10.03.17;147.90;147.70;147.90;148.80;145.60;592831633;4024082;5660;5664;147.3206
09.03.17;144.90;144.80;144.90;145.10;142.50;949110838;6591845;10007;10025;143.9834
08.03.17;147.20;147.10;147.20;148.00;146.10;384479813;2613001;3799;3801;147.1412
07.03.17;148.40;148.30;148.40;149.20;147.70;284574295;1917470;2710;2715;148.4104
06.03.17;148.40;148.40;148.50;148.80;147.40;355215366;2396957;3675;3677;148.1943
03.03.17;148.30;148.30;148.40;148.90;147.70;493775637;3330287;4334;4340;148.2687
02.03.17;149.80;149.70;149.90;150.60;149.20;559441387;3732956;5187;5192;149.8654
01.03.17;150.10;149.90;150.20;150.50;148.20;444366520;2967579;4383;4389;149.7357
28.02.17;148.40;148.30;148.40;148.60;147.50;613646843;4138114;5127;5132;148.29
27.02.17;147.70;147.70;147.90;148.30;147.30;529232123;3580553;5367;5370;147.8074
24.02.17;147.10;147.10;147.20;148.90;146.60;592795993;4024733;6381;6388;147.2884
23.02.17;148.50;148.50;148.60;149.40;147.20;488063861;3284497;4455;4458;148.5961
22.02.17;147.70;147.70;147.80;150.30;147.50;677625016;4558511;6708;6711;148.6424
21.02.17;151.50;151.40;151.50;151.90;147.10;636406902;4230390;5760;5763;150.4616
20.02.17;147.50;147.50;147.70;148.70;147.30;368482345;2491691;4320;4326;147.8862
17.02.17;147.10;147.00;147.10;148.20;145.90;639692577;4344784;6225;6238;146.9868
16.02.17;148.30;148.30;148.40;149.60;147.10;598507017;4038827;6347;6353;148.185
15.02.17;147.50;147.50;147.60;150.20;147.00;503838262;3399085;4871;4879;148.2341
14.02.17;149.30;149.30;149.50;151.30;149.00;413428088;2756670;3768;3776;149.9767
13.02.17;150.80;150.80;150.90;151.30;150.00;395735966;2627927;3616;3620;150.576
10.02.17;150.60;150.60;150.70;150.90;148.70;638386159;4260685;7290;7294;149.8316
09.02.17;149.50;149.50;149.70;150.90;148.80;788972544;5273068;7569;7580;149.6214
08.02.17;147.50;147.50;147.60;150.40;147.20;945242932;6376166;9280;9307;148.2449
07.02.17;151.70;151.60;151.70;155.80;151.50;783603602;5112121;7444;7503;153.2858
06.02.17;156.50;156.40;156.50;156.90;154.20;609086090;3908033;6538;6558;155.8531
03.02.17;154.60;154.50;154.60;155.80;153.70;480501981;3109591;4964;4977;154.528
02.02.17;153.00;153.00;153.10;154.90;153.00;508714760;3298649;4807;4818;153.8273
01.02.17;154.40;154.30;154.40;155.60;153.70;433617135;2805448;5155;5172;154.5617
31.01.17;153.40;153.30;153.40;155.70;152.80;612508795;3972180;7013;7030;154.1741
30.01.17;154.50;154.50;154.60;156.70;154.40;396341122;2551539;4344;4364;155.3172
27.01.17;158.10;158.00;158.10;159.30;156.40;410891795;2609870;4655;4678;157.4393
26.01.17;159.00;159.00;159.10;160.20;158.20;384113009;2415715;4186;4200;159.0065
25.01.17;159.60;159.50;159.60;160.40;158.60;453530051;2845692;4253;4269;159.3729
24.01.17;159.00;158.90;159.10;160.40;157.70;435019264;2730703;3831;3849;159.3042
23.01.17;158.00;157.90;158.20;159.40;157.90;353844266;2232047;3857;3871;158.5284
20.01.17;159.90;159.90;160.00;160.70;158.80;413755386;2591130;3782;3795;159.9477
19.01.17;159.30;159.10;159.30;160.80;158.50;567548919;3553235;4546;4576;159.4509
18.01.17;159.60;159.50;159.60;160.70;158.80;365786019;2290644;4094;4112;159.6868
17.01.17;160.40;160.30;160.40;162.20;159.80;535192291;3329917;5065;5085;160.7166
16.01.17;161.70;161.60;161.70;162.60;160.90;321326340;1985943;3055;3058;161.8004
13.01.17;162.70;162.60;162.70;163.50;161.60;537010510;3300606;5017;5038;162.6138
12.01.17;160.80;160.80;160.90;162.50;160.10;1100638818;6838618;4654;4664;161.1432
11.01.17;160.70;160.50;160.70;160.80;157.40;425388718;2667990;4444;4453;159.4416
10.01.17;159.70;159.70;159.80;160.00;158.40;418557075;2624761;4410;4414;159.4649
09.01.17;158.90;158.90;159.00;161.10;158.90;400492189;2510755;4664;4678;159.5055
06.01.17;160.30;160.30;160.40;161.50;160.30;260619160;1620556;3053;3069;160.82
05.01.17;162.00;161.90;162.00;162.00;159.40;433401040;2689038;4618;4634;161.1717
04.01.17;159.50;159.40;159.50;161.80;159.30;592560087;3693351;4797;4832;160.3304
03.01.17;162.90;162.80;162.90;162.90;160.80;402945138;2484305;3930;3963;162.1984
02.01.17;160.00;159.70;160.00;160.00;157.80;212278577;1334063;2100;2128;159.1233
30.12.16;158.40;158.40;158.60;159.80;158.40;218061444;1372706;1903;1917;158.8542
29.12.16;159.70;159.60;159.70;160.00;158.30;183495398;1150371;2452;2458;159.5103
28.12.16;159.80;159.70;159.80;160.00;158.00;202879680;1272181;2637;2651;159.4733
27.12.16;158.60;158.50;158.60;158.70;157.60;123358708;779752;1343;1353;158.2025
23.12.16;157.80;157.60;157.80;157.90;156.70;274564170;1743241;3377;3393;157.5021
22.12.16;157.90;157.90;158.00;158.30;157.20;325785161;2065400;3120;3129;157.7355
21.12.16;157.50;157.50;157.60;159.30;157.50;477725175;3021086;4792;4806;158.148
20.12.16;157.70;157.60;157.70;157.80;156.30;393255237;2498481;4221;4237;157.3909
19.12.16;156.80;156.80;157.00;158.00;156.50;353423806;2248053;3806;3820;157.2137
16.12.16;158.00;157.80;158.00;158.00;155.10;820264324;5308036;5314;5365;157.0899
15.12.16;154.40;154.40;154.60;156.80;153.40;652461386;4219142;5930;5940;154.6437
14.12.16;155.50;155.50;155.60;155.80;154.40;462261567;2977045;3861;3869;155.2756
13.12.16;155.20;155.20;155.40;156.30;154.00;603735298;3884045;5653;5669;155.4368
12.12.16;156.30;156.20;156.30;159.70;155.90;942926033;5989532;7548;7565;157.226
09.12.16;153.90;153.80;153.90;153.90;150.90;616812480;4035393;4940;4949;152.8207
08.12.16;151.20;151.10;151.20;151.30;147.70;534477859;3565071;5026;5036;149.9153
07.12.16;148.90;148.80;148.90;149.50;148.00;613614326;4123296;5444;5460;148.8078
06.12.16;147.30;147.20;147.30;148.90;146.80;529158828;3581157;5645;5652;147.7617
05.12.16;149.00;149.00;149.10;150.30;148.70;523116927;3501956;4563;4582;149.3416
02.12.16;149.50;149.40;149.50;151.00;148.50;707776199;4736843;7787;7795;149.4277
01.12.16;151.80;151.60;151.80;151.80;148.20;1093821655;7280147;10106;10122;150.2474
30.11.16;145.90;145.90;146.00;148.50;139.50;1646066165;11335450;13199;13210;145.214
29.11.16;139.70;139.70;139.80;143.40;139.10;762933431;5418181;6762;6768;140.928
28.11.16;144.30;144.30;144.50;145.10;142.20;463200335;3217968;4840;4852;143.9169
25.11.16;145.10;145.10;145.30;146.10;145.00;265603494;1826846;2940;2949;145.3887
24.11.16;146.40;146.20;146.40;146.70;145.40;194061793;1328674;2271;2279;146.0719
23.11.16;145.70;145.70;145.80;146.30;145.10;478347490;3283435;4185;4206;145.6819
22.11.16;145.60;145.50;145.60;146.40;144.00;725120595;4984920;6705;6734;145.4944
21.11.16;144.10;144.00;144.10;144.50;140.20;572398623;4006398;5154;5175;142.8541
18.11.16;139.10;139.10;139.20;140.20;138.50;625223731;4500333;4130;4145;139.2427
17.11.16;140.60;140.50;140.60;141.00;138.50;619733176;4429082;5891;5895;139.9235
16.11.16;139.30;139.30;139.40;139.50;138.20;524903457;3773282;5606;5622;139.1096
15.11.16;138.20;138.10;138.20;138.50;135.00;567399660;4130399;4911;4921;137.3724
14.11.16;134.20;134.20;134.30;137.50;133.60;674348749;5000920;8329;8340;134.8477
11.11.16;136.60;136.50;136.60;139.20;135.70;626903650;4557207;6759;6765;137.5617
10.11.16;139.70;139.40;139.70;139.90;137.50;510438939;3670280;5188;5202;139.0726
09.11.16;136.30;136.30;136.50;137.90;132.50;657373527;4831101;6641;6649;136.0711
08.11.16;137.00;136.80;137.00;137.80;136.40;651192718;4749120;6450;6461;137.1186
07.11.16;134.60;134.50;134.60;134.80;133.10;543916119;4055554;5908;5912;134.1166
04.11.16;132.00;132.00;132.10;132.50;130.00;502808604;3833830;5691;5694;131.1506
03.11.16;131.60;131.50;131.60;132.70;130.20;522764304;3975063;6435;6438;131.5109
02.11.16;129.30;129.30;129.40;133.10;129.30;523371586;4002952;5452;5465;130.7362
01.11.16;135.00;134.90;135.00;136.10;134.30;428672151;3179378;4838;4848;135.0332
31.10.16;135.40;135.30;135.40;137.20;134.70;498254834;3671335;5097;5102;135.7149
28.10.16;138.30;138.10;138.30;138.90;137.20;421529775;3054093;4933;4941;138.0215
27.10.16;137.90;137.80;137.90;138.80;133.00;793009990;5792702;8224;8240;136.8861
26.10.16;134.90;134.80;134.90;136.20;134.30;479526555;3550952;4435;4447;135.0423
25.10.16;137.30;137.30;137.40;137.50;136.10;309801527;2264440;3128;3137;136.8119
24.10.16;136.70;136.60;136.70;137.70;136.00;294634870;2150195;3610;3620;137.0265
21.10.16;136.80;136.60;136.80;136.80;134.50;456218019;3356212;3796;3813;136.1947
20.10.16;135.40;135.30;135.40;136.90;134.40;506430710;3743483;4964;4968;135.4996
19.10.16;136.20;136.00;136.20;136.20;133.80;425463397;3141145;5079;5086;135.4478
18.10.16;134.60;134.50;134.60;136.70;134.40;595253201;4400982;8087;8106;135.2638
17.10.16;136.70;136.60;136.70;138.20;136.20;376267462;2742399;4334;4340;137.2039
14.10.16;138.80;138.80;138.90;139.00;137.60;462693075;3335809;4571;4574;138.7051
13.10.16;136.50;136.50;136.60;137.90;136.20;405397002;2963024;4228;4232;136.8184
12.10.16;138.40;138.40;138.50;139.90;137.60;397183407;2860861;4465;4474;138.8327
11.10.16;138.60;138.60;138.80;140.40;138.30;512274875;3681784;5010;5032;139.1841
10.10.16;140.70;140.60;140.70;141.00;136.40;523045354;3756278;4818;4830;139.2428
07.10.16;137.00;137.00;137.10;138.90;136.80;452547469;3287826;4308;4317;137.6291
06.10.16;137.60;137.60;137.70;138.30;136.20;403034354;2933175;4335;4352;137.407
05.10.16;137.00;136.90;137.00;137.30;134.80;482942408;3533909;4676;4684;136.6602
04.10.16;135.50;135.40;135.50;136.10;133.70;565960138;4186435;4756;4772;135.1907
03.10.16;134.00;133.90;134.00;135.50;133.50;428035911;3183373;4625;4637;134.4598
30.09.16;133.90;133.80;133.90;134.30;131.80;608732379;4567950;6086;6096;133.2592
29.09.16;134.00;133.90;134.00;134.40;131.10;1206669801;9088159;9853;9881;132.7781
28.09.16;125.30;125.20;125.30;125.80;124.30;341385687;2727631;3762;3766;125.157
27.09.16;124.00;124.00;124.20;127.40;124.00;507952643;4063169;5529;5534;125.0136
26.09.16;126.50;126.50;126.60;127.20;125.80;394714074;3119961;4010;4015;126.5121
23.09.16;128.20;128.20;128.30;129.70;127.20;487438862;3801329;4700;4707;128.2046
22.09.16;128.50;128.50;128.60;129.40;126.80;511023532;3990928;4651;4661;128.0125
21.09.16;126.10;126.00;126.10;126.70;124.90;324540329;2578325;3519;3529;125.8717
20.09.16;125.40;125.30;125.50;126.60;124.70;291342029;2320744;3124;3126;125.5381
19.09.16;126.70;126.50;126.70;127.60;126.00;382457701;3016719;3588;3595;126.7791
16.09.16;125.10;125.10;125.20;126.10;124.00;637477082;5057751;5634;5659;125.1237
15.09.16;124.10;124.00;124.10;125.30;123.90;706333535;5631611;5274;5288;124.3038
14.09.16;125.60;125.50;125.60;126.80;124.60;493999768;3931862;5439;5447;125.6397
13.09.16;126.10;126.10;126.20;129.50;126.00;522980453;4121342;5693;5705;126.877
12.09.16;128.70;128.70;128.80;129.30;127.50;459091015;3572060;4877;4887;128.5228
09.09.16;130.60;130.60;130.90;134.80;130.30;625017053;4733827;5654;5666;132.0306
08.09.16;134.10;134.00;134.10;135.70;133.60;367056195;2730489;3568;3573;134.427
07.09.16;134.40;134.40;134.50;134.80;133.40;360959754;2689953;3326;3340;134.1868
06.09.16;133.00;133.00;133.10;135.80;133.00;294796978;2205163;2938;2952;133.6872
05.09.16;135.00;134.90;135.00;135.90;132.60;582681553;4327141;6200;6218;134.6574
02.09.16;132.00;131.90;132.10;132.40;128.70;706582452;5391493;7448;7461;131.1132
01.09.16;129.00;128.90;129.00;131.50;128.80;424621048;3264803;4311;4322;130.0419
31.08.16;131.80;131.80;131.90;133.90;131.80;422036032;3185848;3497;3506;132.4724
30.08.16;134.00;134.00;134.20;134.60;132.50;412279448;3079080;3539;3553;133.8934
29.08.16;132.70;132.70;132.80;133.50;131.90;193188908;1457147;2018;2025;132.5803
26.08.16;132.70;132.60;132.70;132.90;131.20;314438432;2381953;2838;2846;132.0374
25.08.16;132.00;132.00;132.10;132.10;130.80;307455208;2338297;3574;3594;131.4997
24.08.16;132.60;132.50;132.60;133.00;131.20;371322359;2807957;3857;3867;132.239
23.08.16;131.80;131.80;132.00;132.40;131.20;334102721;2536427;4119;4134;131.723
22.08.16;132.10;132.10;132.20;134.40;131.70;384494510;2896596;3762;3772;132.7411
19.08.16;134.50;134.50;134.60;136.80;134.40;573767710;4226097;4609;4620;135.4383
18.08.16;134.20;134.10;134.20;134.40;132.30;447826629;3354198;4343;4348;133.4944
17.08.16;132.00;132.00;132.40;135.30;132.00;457215932;3426455;4725;4725;133.437
16.08.16;135.30;135.20;135.30;135.80;133.40;451721630;3343709;3345;3355;135.0662
15.08.16;134.00;134.00;134.10;135.60;133.20;484942914;3611746;4197;4203;134.2682
12.08.16;133.60;133.60;133.70;136.30;133.40;620721760;4629925;4970;4977;134.0736
11.08.16;133.50;133.50;133.60;133.50;131.40;407999378;3079203;3906;3912;132.5022
10.08.16;133.60;133.50;133.60;134.50;132.60;492366971;3708824;4862;4873;133.432
09.08.16;136.80;136.70;136.80;136.80;134.60;409047507;2999879;3767;3770;136.3546
08.08.16;135.80;135.70;135.80;136.10;133.80;434339514;3212164;4927;4932;135.2209
05.08.16;134.80;134.80;134.90;135.70;133.70;345907742;2568375;3733;3740;134.6856
04.08.16;133.80;133.50;133.80;135.40;133.00;675095609;5027170;7851;7858;134.2801
03.08.16;131.30;131.20;131.40;132.30;129.70;673803195;5140387;7465;7476;131.0873
02.08.16;130.50;130.50;130.60;132.30;129.70;636081819;4863532;8762;8770;130.78
01.08.16;132.00;131.90;132.00;135.80;131.50;536365439;4019427;6227;6233;133.4438
29.07.16;132.80;132.80;133.00;136.00;132.80;690651169;5159591;6369;6381;133.8356
28.07.16;135.50;135.50;135.60;139.60;135.50;750327828;5469641;8618;8624;137.0942
27.07.16;140.60;140.60;140.90;141.40;136.90;772279281;5552580;8161;8181;139.0707
26.07.16;142.80;142.70;142.80;142.80;139.50;556220141;3935289;5204;5209;141.3436
25.07.16;141.20;141.20;141.30;145.90;141.20;526972946;3689604;5371;5375;142.8262
22.07.16;144.90;144.90;145.00;146.90;144.50;628823254;4324331;5313;5332;145.7043
21.07.16;149.20;149.00;149.30;149.30;147.50;465146478;3144554;3895;3900;148.5905
20.07.16;147.00;147.00;147.10;148.00;146.70;394139726;2680723;2894;2900;147.0272
19.07.16;147.40;147.30;147.40;148.20;146.20;347639529;2362443;4233;4239;147.1532
18.07.16;147.40;147.40;147.50;149.70;146.80;433926851;2934804;4267;4274;147.8553
15.07.16;149.80;149.70;149.80;149.80;147.80;453397034;3042737;3799;3801;149.0097
14.07.16;149.00;148.80;149.00;150.20;148.30;445145521;2984089;4199;4211;149.1725
13.07.16;149.30;149.20;149.40;150.20;147.50;410610507;2756675;3785;3793;148.9507
12.07.16;149.00;148.90;149.00;149.40;147.20;409432378;2753338;3480;3489;148.7047
11.07.16;148.00;148.00;148.10;148.40;144.80;598263126;4078262;4694;4706;146.797
08.07.16;146.10;145.90;146.10;146.10;142.20;876735992;6064346;7816;7835;144.5884
07.07.16;148.40;148.30;148.40;148.50;144.30;484708178;3294201;3980;3993;147.0968
06.07.16;142.10;142.10;142.30;145.90;142.10;400382108;2797527;3894;3909;143.1187
05.07.16;145.00;144.80;145.00;146.50;144.30;517949640;3571651;4940;4946;145.0025
04.07.16;147.10;147.00;147.20;148.20;146.00;339327855;2304915;3117;3130;147.2203
01.07.16;146.00;145.80;146.00;146.80;143.70;468695053;3221674;4134;4138;145.482
30.06.16;144.10;144.10;144.20;146.20;142.20;971068126;6721532;7022;7034;144.6224
29.06.16;142.10;142.00;142.10;142.10;138.30;625517398;4436751;5047;5055;140.9859
28.06.16;137.40;137.40;137.50;138.40;135.70;503151956;3662382;4898;4904;137.3852
27.06.16;135.40;135.40;135.50;138.70;135.40;610086755;4454612;5690;5700;136.9556
24.06.16;138.60;138.60;138.80;140.50;134.00;1007861393;7368875;8730;8735;136.7734
23.06.16;141.10;141.10;141.20;142.00;138.80;611036429;4336078;5896;5902;140.9171
22.06.16;139.30;139.30;139.50;139.80;137.80;508338132;3654635;4885;4889;139.0943
21.06.16;136.60;136.60;136.70;137.50;135.80;439723640;3219743;5115;5119;136.5711
20.06.16;138.60;138.50;138.60;139.90;137.40;486414221;3506480;5318;5323;138.7317
17.06.16;135.50;135.40;135.80;136.30;132.30;825617726;6073654;7031;7049;134.8435
16.06.16;130.20;130.20;130.50;132.40;130.00;619919722;4729664;5543;5550;130.8046
15.06.16;133.10;133.00;133.20;133.80;132.70;430732036;3234244;4283;4291;133.1785
14.06.16;133.10;133.10;133.20;134.70;133.10;496971197;3718965;4803;4805;133.6316
13.06.16;135.40;135.40;135.50;135.60;133.60;423882250;3143565;4412;4416;134.8413
10.06.16;136.60;136.60;136.70;137.70;136.10;423118171;3094246;4887;4905;136.7436
09.06.16;138.00;138.00;138.10;139.90;137.30;475744685;3439986;4887;4897;138.2967
08.06.16;139.90;139.90;140.00;140.60;137.00;668263958;4801367;5767;5777;139.1818
07.06.16;137.70;137.60;137.80;137.70;135.20;513494287;3745669;4798;4801;137.0902
06.06.16;135.40;135.30;135.40;135.40;131.60;342765409;2554479;3579;3579;134.1821
03.06.16;131.70;131.70;131.90;133.40;131.50;407855762;3081547;4508;4515;132.3462
02.06.16;131.30;131.30;131.40;134.00;130.90;369201111;2791671;4335;4344;132.2379
01.06.16;131.10;131.10;131.20;133.00;130.50;451382928;3428242;5510;5514;131.6658
31.05.16;133.40;133.40;133.60;135.50;133.00;644884170;4823105;5031;5040;133.7071
30.05.16;135.80;135.70;135.80;135.80;134.90;189834814;1401361;2354;2357;135.4647
27.05.16;135.10;135.10;135.20;137.20;134.70;410024885;3020023;4834;4841;135.7681
26.05.16;138.10;137.80;138.10;139.10;136.70;432408212;3131872;4785;4792;138.067
25.05.16;138.40;138.40;138.50;138.50;136.00;460963088;3350829;5655;5660;137.5666
24.05.16;135.40;135.30;135.50;136.40;133.00;452647594;3345891;4349;4359;135.2797
23.05.16;134.00;134.00;134.30;134.90;132.90;433296592;3238986;4944;4946;133.7754
20.05.16;134.30;134.30;134.50;135.90;134.20;513828230;3798441;5611;5626;134.9539
19.05.16;133.00;133.00;133.10;137.70;133.00;799097565;5949256;8342;8351;134.6085
18.05.16;138.50;138.30;138.50;138.50;135.50;674273012;4902818;6018;6022;137.528
13.05.16;135.30;135.10;135.30;137.00;134.50;653121345;4817913;7669;7672;135.5611
12.05.16;136.60;136.50;136.60;138.70;134.70;905162423;6615845;9609;9618;136.8226
11.05.16;135.00;135.00;135.10;135.30;133.00;549039981;4088009;5664;5666;134.3051
10.05.16;133.90;133.60;133.90;134.60;132.20;641296164;4801607;7726;7730;133.5588
09.05.16;133.90;133.80;133.90;137.00;133.40;628837799;4651309;6678;6685;135.1931
06.05.16;137.00;137.00;137.10;137.30;133.70;554776077;4097621;6347;6348;135.3898
04.05.16;136.60;136.60;136.70;138.10;135.00;414239235;3030736;4990;4996;136.6796
03.05.16;136.30;136.30;136.70;141.00;136.00;739522989;5376959;10731;10741;137.5337
02.05.16;139.80;139.60;139.80;141.90;139.00;434337571;3100837;5557;5587;140.087
29.04.16;142.30;142.30;142.40;145.50;141.10;659219055;4595965;7242;7254;143.4333
28.04.16;144.50;144.30;144.50;145.10;141.90;654006859;4560325;7241;7250;143.415
27.04.16;144.80;144.50;144.80;144.90;139.40;1158324310;8132573;10079;10091;142.4303
26.04.16;136.50;136.40;136.60;136.80;134.40;611607467;4496982;6906;6925;135.9524
25.04.16;136.00;136.00;136.40;138.30;136.00;594251748;4348724;6717;6725;136.6495
22.04.16;138.50;138.50;138.80;139.20;136.00;734367541;5369881;5943;5961;137.7131
21.04.16;138.50;138.30;138.50;139.30;136.70;865756002;6264178;7747;7767;138.1982
20.04.16;134.60;134.60;134.70;136.50;131.40;725352894;5390210;7290;7307;134.7409
19.04.16;133.70;133.60;133.70;134.00;131.40;695768609;5236670;7996;8008;132.8651
18.04.16;129.20;129.10;129.20;129.20;124.90;699221997;5492947;9041;9051;127.2931
15.04.16;130.70;130.60;130.70;132.80;129.80;475077229;3627255;5435;5447;130.9509
14.04.16;132.50;132.40;132.50;133.00;130.50;506646387;3837199;5897;5914;132.0359
13.04.16;132.90;132.70;132.90;132.90;130.70;483973601;3667016;5373;5379;131.9806
12.04.16;129.00;129.00;129.10;129.80;127.90;452267987;3503181;5010;5023;129.1021
11.04.16;127.90;127.80;127.90;127.90;125.00;395387926;3117998;4694;4697;126.8084
08.04.16;126.50;126.40;126.50;126.80;123.80;536743396;4280311;6219;6224;125.4029
07.04.16;124.00;123.90;124.00;125.40;123.60;544401329;4378600;7367;7378;124.3288
06.04.16;122.40;122.30;122.40;125.20;122.20;574811942;4660806;6714;6721;123.3281
05.04.16;122.60;122.60;122.70;123.10;120.20;792438538;6520663;11954;11962;121.537
04.04.16;124.70;124.70;124.80;126.60;123.50;576752110;4629479;7022;7028;124.5828
01.04.16;125.90;125.90;126.00;128.70;124.90;836480460;6623810;10662;10670;126.2852
31.03.16;130.30;130.20;130.30;130.40;128.40;634559669;4889376;7483;7502;129.7809
30.03.16;131.90;131.70;132.00;132.20;127.50;748896910;5721027;8685;8696;130.8946
29.03.16;126.40;126.40;126.50;130.80;126.40;734676245;5725511;9482;9491;128.3266
23.03.16;132.60;132.50;132.60;134.30;132.00;271131874;2041950;2957;2960;132.783
22.03.16;134.20;134.20;134.30;134.80;132.50;498926239;3731500;6312;6315;133.7066
21.03.16;133.50;133.50;133.60;134.50;132.30;667710772;5010298;8083;8090;133.2675
18.03.16;135.50;135.40;135.50;135.60;132.40;1176970795;8808137;9660;9691;134.758
17.03.16;133.50;133.30;133.50;134.50;131.90;777244989;5834788;8327;8343;133.2055
16.03.16;130.80;130.80;130.90;131.40;128.30;527323052;4058164;6865;6872;129.9486
15.03.16;128.00;127.90;128.00;130.00;127.00;612551143;4786457;7046;7053;127.9754
14.03.16;130.60;130.40;130.70;130.80;127.60;776491600;5992880;9552;9571;129.5693
11.03.16;129.50;129.40;129.50;131.40;128.20;952462817;7346966;11704;11721;129.6796
10.03.16;130.50;130.50;130.60;134.00;129.20;918056382;6980502;12064;12088;131.5465
09.03.16;131.80;131.70;131.80;133.00;130.10;803524128;6105278;10184;10204;131.65
08.03.16;133.10;133.00;133.20;136.40;132.60;953307625;7100725;10315;10335;134.2517
07.03.16;133.50;133.40;133.50;136.50;130.80;869425931;6516922;9281;9310;133.4107
04.03.16;133.80;133.50;133.80;133.80;131.40;774363711;5842888;8488;8513;132.5323
03.03.16;130.80;130.70;130.80;131.40;128.70;871298164;6681923;9953;9971;130.4046
02.03.16;128.50;128.30;128.50;129.30;126.00;864731396;6771096;8822;8858;127.7153
01.03.16;127.30;127.10;127.40;128.90;126.30;830756449;6515706;9955;9972;127.4675
29.02.16;127.10;127.10;127.20;127.20;123.10;788104062;6256998;11115;11135;125.9557
26.02.16;124.30;124.20;124.30;124.80;121.60;967739974;7820094;9672;9689;123.7387
25.02.16;119.60;119.40;119.60;121.90;118.10;1096793671;9168668;8225;8237;120.0451
24.02.16;116.10;116.10;116.20;120.00;115.80;996610813;8492220;10429;10443;117.0034
23.02.16;122.40;122.00;122.40;123.90;121.40;694050763;5661761;7791;7800;122.5857
22.02.16;124.30;124.20;124.40;124.30;119.10;560785262;4570973;6723;6731;122.6773
19.02.16;118.70;118.70;118.80;121.80;118.50;805186750;6741711;11672;11686;119.5151
18.02.16;121.40;121.40;121.50;123.70;120.40;1103186255;9047913;14166;14186;121.9271
17.02.16;120.40;120.30;120.40;120.40;114.50;782810460;6646008;8798;8812;118.1809
16.02.16;117.00;117.00;117.10;121.60;116.30;1175349742;9930089;13467;13481;118.4116
15.02.16;117.90;117.60;117.90;118.40;115.80;769634189;6562318;8130;8139;117.281
12.02.16;114.20;114.10;114.20;115.10;112.60;805709786;7076535;7764;7769;113.8827
11.02.16;110.50;110.50;110.80;113.10;108.60;1150437989;10419011;13105;13112;110.4041
10.02.16;113.50;113.50;113.60;116.60;112.70;1032487432;8991265;9897;9913;114.7836
09.02.16;117.30;117.30;117.40;120.50;117.00;968182278;8183501;11880;11894;118.3097
08.02.16;118.80;118.70;118.80;123.40;118.60;1144510585;9528086;14583;14596;120.1197
05.02.16;121.70;121.60;121.70;124.30;117.40;1700705886;14044209;18258;18288;121.0981
04.02.16;119.00;118.70;119.00;119.00;114.70;1701212361;14490636;16287;16304;117.4014
03.02.16;109.10;109.10;109.20;112.10;107.80;726124068;6605384;9559;9571;109.9263
02.02.16;108.00;108.00;108.20;112.40;107.40;820927883;7491366;10335;10352;109.5846
01.02.16;114.20;114.10;114.30;117.80;112.90;752549867;6545402;9558;9576;114.9543
29.01.16;118.40;118.30;118.50;118.90;114.10;1411531136;12067310;13866;13905;116.9777
28.01.16;114.90;114.70;114.90;117.40;109.00;1806661191;15936373;19511;19536;113.6221
27.01.16;107.20;107.00;107.20;108.00;104.80;831519700;7811969;10418;10428;106.4416
26.01.16;108.70;108.60;108.70;109.20;102.80;691291098;6467467;9865;9887;106.895
25.01.16;106.60;106.60;106.70;110.40;104.90;670057579;6296359;9612;9626;106.4195
22.01.16;109.90;109.90;110.10;110.40;106.20;1077555939;9861307;12692;12725;108.6592
21.01.16;101.40;101.40;101.50;102.10;97.25;887009652;8868654;13023;13040;99.9301
20.01.16;97.90;97.90;97.95;102.30;97.60;831517112;8336088;11720;11741;99.6475
19.01.16;105.50;105.50;105.60;108.00;104.40;775581988;7302390;12729;12740;106.2078
18.01.16;102.50;102.50;102.60;105.80;101.30;501294535;4850936;7285;7298;103.3398
15.01.16;103.40;103.00;103.40;104.90;100.40;1018168919;9915390;11961;11980;102.6667
14.01.16;103.20;103.10;103.20;104.50;100.50;804411856;7841013;11278;11290;102.5906
13.01.16;104.70;104.70;104.80;107.20;104.30;789727106;7495674;11878;11890;105.357
12.01.16;105.00;104.90;105.10;108.30;102.80;867034149;8209713;12992;13009;105.6047
11.01.16;106.80;106.70;106.80;108.10;104.20;1088280680;10240935;15969;15991;106.2065
08.01.16;109.90;109.90;110.00;116.10;109.60;897976524;8024814;12855;12880;111.9007
07.01.16;115.00;115.00;115.10;115.50;110.10;1004569064;8903545;14728;14757;112.8302
06.01.16;118.00;118.00;118.10;121.50;116.50;766319353;6479612;8555;8575;118.274
05.01.16;120.50;120.50;120.60;123.40;120.50;518766465;4278580;7001;7022;121.2413
04.01.16;123.50;123.40;123.50;123.80;120.40;515860380;4218389;6032;6055;122.3139
30.12.15;123.70;123.70;123.80;124.50;123.10;271623588;2193779;2781;2789;123.8149
29.12.15;124.00;123.60;124.00;125.00;121.80;338007167;2731036;3301;3308;123.6812
28.12.15;123.10;123.10;123.20;126.00;122.30;173732031;1406266;2527;2534;123.5371
23.12.15;124.90;124.80;124.90;126.20;119.90;637006673;5140082;7561;7571;123.93
22.12.15;118.70;118.70;118.80;119.60;118.20;457190280;3847893;5656;5679;118.8091
21.12.15;120.10;120.00;120.20;121.00;118.40;595156663;4981398;7673;7688;119.4746
18.12.15;120.80;120.70;120.80;122.80;119.90;976125826;7842747;6910;6941;121.0117
17.12.15;122.50;122.40;122.50;127.00;121.70;767007717;6157849;8645;8655;124.5575
16.12.15;127.00;126.70;127.00;127.00;123.70;747464617;5928830;8717;8733;126.0717
15.12.15;125.20;125.00;125.20;125.20;121.10;722275887;5812261;7558;7569;124.2686
14.12.15;120.10;120.10;120.20;122.70;119.50;739472870;6124495;9428;9442;120.7644
11.12.15;121.00;121.00;121.10;124.10;121.00;575359612;4710376;6699;6707;122.1301
10.12.15;123.50;123.40;123.50;125.50;122.90;706691442;5702142;8858;8868;123.88
09.12.15;126.10;126.10;126.20;126.30;121.40;606357070;4874100;7074;7088;124.4085
08.12.15;122.80;122.80;122.90;123.70;119.80;872849369;7139888;9845;9877;122.2974
07.12.15;123.40;123.40;123.50;128.20;123.10;960204178;7707150;9923;9945;124.5782
04.12.15;127.10;127.10;127.20;136.80;126.50;1095005125;8337610;12307;12324;131.3447
03.12.15;133.20;133.20;133.50;136.20;133.20;684576954;5094112;7722;7728;134.3876
02.12.15;135.70;135.60;135.80;137.20;133.20;511062856;3791145;5501;5513;134.8909
01.12.15;134.10;134.10;134.20;135.00;133.30;468937268;3495253;6215;6227;134.1615
30.11.15;134.40;134.20;134.40;134.50;132.20;567090689;4236238;5909;5920;133.8667
27.11.15;134.40;134.30;134.60;136.00;134.30;264595757;1963429;3248;3254;134.7619
26.11.15;136.60;136.50;136.60;136.60;134.40;252870347;1861004;2814;2817;135.8818
25.11.15;134.80;134.70;134.80;136.80;134.00;448756437;3319044;5298;5310;135.2087
24.11.15;136.10;136.00;136.20;137.10;132.50;624603765;4635094;6447;6455;134.8043
23.11.15;133.30;133.20;133.30;135.70;130.50;796181947;5985441;8664;8682;133.0155
20.11.15;133.60;133.60;133.70;135.10;133.00;418502805;3116345;3902;3920;134.0114
19.11.15;134.60;134.50;134.60;137.30;134.00;789636161;5832763;8111;8121;135.3685
18.11.15;136.80;136.80;136.90;136.80;131.40;706523570;5217736;7316;7321;135.3367
17.11.15;132.80;132.80;132.90;134.50;132.00;611489378;4593756;6097;6104;133.1261
16.11.15;130.90;130.90;131.00;133.40;129.20;554727302;4225020;6465;6473;131.2964
13.11.15;129.70;129.50;129.70;132.00;129.00;691790769;5314951;8370;8384;130.2434
12.11.15;132.40;132.40;132.50;137.20;132.10;976133622;7287180;10714;10729;133.9858
11.11.15;137.80;137.80;138.00;140.10;137.80;412770970;2974899;5110;5112;138.762
10.11.15;138.90;138.90;139.00;140.30;138.20;708387982;5094718;6336;6352;139.0542
09.11.15;141.20;141.20;141.30;143.50;140.10;552184369;3889855;6244;6247;141.9561
06.11.15;139.80;139.80;139.90;142.80;139.50;451857848;3203660;5162;5171;141.0686
05.11.15;141.60;141.50;141.60;143.70;141.20;541180230;3811409;5525;5532;142.236
04.11.15;145.60;145.50;145.60;147.50;144.00;932740114;6402334;9040;9050;145.6912
03.11.15;142.50;142.40;142.50;142.50;137.00;633622006;4516171;6141;6150;140.3303
02.11.15;137.10;136.90;137.20;138.00;136.00;458003194;3348684;4061;4067;136.8378
30.10.15;136.20;136.20;136.30;138.90;135.60;493091586;3600584;5076;5081;136.9466
29.10.15;136.90;136.90;137.00;139.80;136.10;704999035;5123646;8503;8517;137.5864
28.10.15;139.40;139.30;139.50;140.40;133.40;877854552;6434726;11068;11076;136.4249
27.10.15;138.00;138.00;138.30;140.30;137.50;971369396;7002755;9687;9698;138.7132
26.10.15;141.90;141.90;142.00;145.60;141.50;637308208;4445432;7393;7407;143.3031
23.10.15;143.70;143.50;143.70;145.20;142.10;828533170;5758711;7828;7837;143.8866
22.10.15;143.00;142.90;143.00;143.20;139.00;539430309;3809494;6991;6998;141.6003
21.10.15;139.00;138.90;139.00;139.90;137.60;583574973;4202724;6427;6432;138.8589
20.10.15;139.00;138.90;139.00;139.90;137.50;443449526;3200876;5393;5400;138.5387
19.10.15;140.70;140.60;140.70;143.20;139.70;433289392;3066874;6195;6204;141.2801
16.10.15;142.00;142.00;142.10;144.10;142.00;794710248;5586728;7720;7738;143.0042
15.10.15;140.50;140.40;140.50;141.10;138.50;809517638;5775770;7979;7988;140.1495
14.10.15;137.80;137.80;137.90;139.00;135.60;701170313;5104617;7934;7943;137.3603
13.10.15;137.10;137.10;137.20;138.60;135.20;850411677;6211163;12651;12663;136.916
12.10.15;138.70;138.70;138.80;143.50;138.40;601128162;4286841;7294;7303;140.216
09.10.15;142.40;142.20;142.40;145.50;142.00;1022536482;7118643;10771;10790;143.6366
08.10.15;140.00;140.00;140.10;143.20;138.80;1311508735;9319382;16118;16141;140.7146
07.10.15;144.70;144.40;144.70;144.70;139.90;1451043214;10215164;19415;19445;142.0613
06.10.15;137.50;137.50;137.60;137.70;131.00;1004652846;7446121;12189;12207;134.9212
05.10.15;132.60;132.50;132.60;132.60;129.00;713769672;5448826;8310;8321;130.996
02.10.15;126.40;126.30;126.50;128.90;125.50;552552477;4352602;6629;6645;126.9568
01.10.15;127.00;127.00;127.10;128.50;124.30;632061841;4986056;6368;6379;126.765
30.09.15;124.10;124.00;124.10;124.60;121.20;445570990;3610970;4907;4910;123.3937
29.09.15;120.30;120.20;120.30;121.40;118.20;397889284;3310122;5685;5689;120.2015
28.09.15;119.10;119.00;119.10;122.90;119.00;395735755;3295776;5234;5240;120.0724
25.09.15;122.40;122.40;122.50;122.90;121.00;508182232;4155697;5419;5424;122.286
24.09.15;118.00;118.00;118.20;120.50;118.00;489865120;4119261;6291;6305;118.8932
23.09.15;119.70;119.70;119.80;121.90;119.70;482944903;3999641;8653;8659;120.7277
22.09.15;120.40;120.40;120.50;122.40;118.40;637421640;5312450;9977;9988;120.002
21.09.15;121.90;121.90;122.00;124.40;120.50;424835353;3463973;5667;5675;122.6434
18.09.15;121.20;121.00;121.20;124.70;120.50;702144082;5733310;6945;6959;122.0775
17.09.15;124.10;124.10;124.20;125.50;123.60;735363641;5906783;10112;10136;124.4972
16.09.15;123.50;123.40;123.50;123.80;120.00;669972154;5471302;7366;7385;122.4656
15.09.15;119.60;119.50;119.60;119.60;115.70;472078334;3991811;5081;5090;118.2512
14.09.15;116.80;116.80;117.00;118.60;116.10;385245703;3288196;4607;4613;117.1564
11.09.15;117.30;117.20;117.30;119.80;116.50;545377088;4625373;6300;6316;117.9093
10.09.15;119.40;119.30;119.40;122.00;118.60;591313385;4918286;5737;5745;120.2269
09.09.15;123.60;123.50;123.60;124.60;122.70;435495227;3521625;4855;4869;123.6646
08.09.15;121.70;121.70;121.80;123.60;120.20;425142961;3480373;5469;5474;122.1537
07.09.15;120.10;120.10;120.20;123.00;119.80;360782608;2972179;5652;5655;121.3866
04.09.15;121.00;121.00;121.20;124.20;121.00;812524674;6632805;13083;13088;122.5008
03.09.15;126.80;126.50;126.80;127.00;122.70;544278844;4365803;5504;5511;124.6683
02.09.15;122.80;122.80;123.00;125.30;121.00;653375069;5318831;8106;8113;122.839
01.09.15;123.10;123.10;123.30;127.90;122.60;898046940;7193690;8952;8966;124.8024
31.08.15;123.90;123.80;123.90;125.80;122.80;488023292;3941149;5636;5653;123.8274
28.08.15;126.80;126.70;126.80;127.00;122.50;807804506;6443475;8693;8708;125.3664
27.08.15;122.10;122.00;122.10;122.90;120.10;865790648;7117292;9034;9050;121.6616
26.08.15;119.20;119.20;119.30;121.40;115.60;930988348;7827008;9304;9314;118.9444
25.08.15;118.20;118.20;118.30;121.90;117.10;818093114;6854027;9585;9624;119.3577
24.08.15;116.30;116.30;116.40;121.10;113.90;986692680;8388218;12084;12111;117.6331
21.08.15;123.40;123.40;123.50;127.10;123.10;598095449;4741699;6054;6081;124.3555
20.08.15;125.70;125.50;125.70;126.70;124.00;744684730;5940742;8596;8617;125.3528
19.08.15;128.00;128.00;128.10;131.30;127.30;458450464;3570773;5603;5610;128.3896
18.08.15;129.80;129.80;130.00;131.70;129.30;422565119;3249470;4637;4651;130.0416
17.08.15;131.50;131.40;131.50;132.60;130.40;360820697;2747111;3911;3916;131.3456
14.08.15;132.10;132.00;132.10;134.80;131.40;636299285;4802429;6798;6806;132.4957
13.08.15;136.50;136.50;136.60;140.20;136.50;625788888;4528310;6002;6004;138.1937
12.08.15;136.10;136.10;136.20;137.30;133.30;721251801;5318467;6657;6662;135.6094
11.08.15;134.40;134.30;134.40;139.80;134.00;854193979;6263624;8190;8196;136.3866
10.08.15;136.50;136.50;136.60;137.80;135.30;532600645;3906632;6025;6031;136.3306
07.08.15;138.80;138.80;138.90;139.60;137.10;518958172;3741221;5262;5266;138.7135
06.08.15;135.70;135.60;135.80;137.60;135.10;519151923;3812477;4948;4956;136.1547
05.08.15;139.10;139.00;139.10;139.60;136.80;436776714;3152501;5113;5118;138.5503
04.08.15;136.50;136.50;136.60;137.30;134.40;506314346;3722818;5372;5380;136.0033
03.08.15;136.00;136.00;136.10;138.40;135.40;610915645;4471584;6238;6242;136.6219
31.07.15;138.20;138.10;138.30;141.00;137.40;612087531;4415786;6124;6128;138.6136
30.07.15;141.20;141.20;141.50;142.50;138.90;778564135;5526106;7402;7412;140.8881
29.07.15;137.40;137.20;137.40;138.30;134.90;863540875;6319581;7969;7978;136.6495
28.07.15;132.20;132.10;132.20;135.90;132.20;844720305;6327516;9427;9449;133.4977
27.07.15;130.40;130.30;130.60;133.90;130.40;753471327;5724055;7565;7571;131.6379
24.07.15;134.30;134.30;134.50;138.30;134.30;480380955;3540126;5253;5257;135.6961
23.07.15;137.20;137.20;137.30;138.20;135.70;344024263;2507573;3869;3879;137.1947
22.07.15;137.40;137.40;137.50;139.10;137.10;524848901;3813155;5698;5708;137.6417
21.07.15;140.10;140.10;140.30;140.70;138.00;344896881;2474156;3840;3842;139.3998
20.07.15;138.50;138.50;138.60;141.60;138.00;333993981;2397005;3396;3402;139.3376
17.07.15;139.20;139.10;139.20;141.70;138.50;424060799;3024729;3757;3765;140.0719
16.07.15;141.40;141.40;141.50;142.90;140.40;515701582;3641006;5595;5601;141.637
15.07.15;140.90;140.70;140.90;142.30;139.90;573728022;4068227;5711;5718;141.0269
14.07.15;140.90;140.80;140.90;140.90;135.40;713621334;5155431;6357;6361;138.423
13.07.15;136.20;136.20;136.30;138.90;136.20;447401543;3262535;3993;4005;137.1021
10.07.15;138.00;137.90;138.00;140.50;137.50;487174017;3499656;5075;5083;139.2035
09.07.15;138.10;138.10;138.20;139.40;137.20;590456195;4269770;5858;5864;138.2869
08.07.15;137.70;137.60;137.70;138.30;134.40;525312888;3839856;5599;5613;136.8105
07.07.15;134.50;134.50;134.70;136.50;134.30;559802465;4134450;5517;5532;135.3954
06.07.15;136.00;136.00;136.20;137.70;135.70;489976201;3591371;5182;5185;136.4313
03.07.15;138.00;137.90;138.00;140.10;137.40;343390601;2481993;3441;3449;138.3239
02.07.15;140.70;140.70;140.90;141.10;137.10;531334228;3818547;5259;5264;139.1436
01.07.15;137.60;137.60;137.70;141.20;137.60;690323255;4968820;6636;6639;138.9301
30.06.15;140.10;140.10;140.20;142.00;139.30;610888430;4350320;5570;5579;140.4244
29.06.15;142.30;142.00;142.30;143.10;140.30;463869308;3269709;4533;4539;141.8688
26.06.15;144.80;144.40;144.80;144.80;142.20;443921130;3088224;3539;3545;143.7743
25.06.15;143.90;143.80;143.90;146.60;143.60;472008167;3255092;4720;4724;145.0081
24.06.15;146.00;146.00;146.10;146.60;143.50;537443683;3693761;5204;5207;145.5002
23.06.15;143.40;143.40;143.50;144.70;142.60;373860704;2604692;4087;4097;143.5334
22.06.15;142.90;142.80;142.90;144.70;141.40;392041919;2737846;4371;4374;143.1936
19.06.15;143.80;143.60;143.80;143.80;141.30;573280805;3941550;4939;4971;143.2887
18.06.15;142.00;142.00;142.10;143.40;141.00;452315286;3180922;4959;4969;142.1959
17.06.15;143.50;143.10;143.50;143.70;140.50;412720534;2892992;4250;4262;142.6632
16.06.15;140.90;140.80;140.90;141.70;140.00;454638430;3229203;4881;4888;140.7895
15.06.15;141.00;140.90;141.00;142.60;140.10;542838619;3845771;5502;5506;141.1524
12.06.15;143.00;142.90;143.00;146.40;143.00;494507361;3431174;4881;4897;144.1242
11.06.15;146.10;146.00;146.10;148.00;145.50;510045627;3478004;5659;5662;146.6487
10.06.15;146.30;146.30;146.50;146.80;143.60;637803974;4377824;6530;6537;145.6799
09.06.15;143.80;143.70;143.80;145.10;142.80;506201690;3518973;4789;4821;143.8788
08.06.15;145.10;144.70;145.20;146.90;144.10;564699569;3888678;5674;5680;145.2164
05.06.15;145.40;145.40;145.50;146.60;140.60;885045499;6140461;10036;10043;144.1253
04.06.15;143.70;143.70;144.00;145.60;143.70;430132246;2978228;5126;5137;144.4246
03.06.15;146.70;146.60;146.70;148.10;145.20;544014320;3704496;5485;5501;146.8814
02.06.15;147.90;147.80;147.90;148.00;143.70;746969152;5098854;8152;8163;146.5044
01.06.15;144.10;144.10;144.30;145.10;142.40;614706800;4271934;6503;6519;143.8958
29.05.15;145.80;145.70;145.80;146.50;143.60;707458399;4869531;4957;4969;145.2846
28.05.15;145.80;145.70;145.80;146.80;143.50;543961096;3743463;7018;7033;145.3306
27.05.15;146.70;146.70;146.80;147.90;145.30;463817535;3162247;4920;4929;146.6843
26.05.15;146.80;146.80;147.00;150.00;146.80;490468559;3317966;5345;5355;147.8267
22.05.15;150.50;150.40;150.60;152.40;149.90;600627720;3979514;5295;5299;150.9305
21.05.15;151.40;151.40;151.50;151.70;148.80;401793592;2665273;4301;4308;150.7522
20.05.15;148.90;148.90;149.00;149.70;147.00;792207531;5397429;6173;6190;148.5296
19.05.15;150.50;150.30;150.50;152.80;150.00;790947537;5236737;8316;8328;151.0383
18.05.15;151.80;151.80;152.00;154.90;151.70;588058377;3843507;6174;6178;153.0003
15.05.15;154.50;154.30;154.50;158.70;153.90;670369936;4314337;6034;6041;155.4489
13.05.15;158.90;158.80;158.90;160.60;158.40;686180533;4308876;6787;6800;159.2392
12.05.15;157.60;157.50;157.60;157.70;155.20;780778544;4986480;7262;7272;156.5666
11.05.15;157.00;157.00;157.10;158.20;156.00;566270362;3605659;5593;5598;157.0504
08.05.15;155.80;155.70;155.80;155.90;153.90;582307593;3753476;6715;6719;155.1383
07.05.15;153.80;153.70;153.90;158.00;153.50;838184643;5386089;9545;9553;155.6197
06.05.15;159.40;159.40;159.60;161.70;159.10;848327515;5297613;8736;8757;160.1334
05.05.15;160.80;160.70;160.80;160.80;156.40;994917498;6263684;7970;7984;158.913
04.05.15;158.70;158.50;158.70;160.00;158.20;600155046;3777183;7587;7597;158.8898
30.04.15;159.00;158.90;159.00;159.00;155.40;1020230330;6448944;10125;10188;158.1764
29.04.15;153.50;153.40;153.50;156.00;153.20;689294228;4471805;7064;7072;154.1424
28.04.15;156.60;156.60;156.70;157.20;154.80;811312538;5189351;7785;7804;156.341
27.04.15;156.50;156.20;156.50;156.70;153.70;492536412;3167923;5583;5594;155.477
24.04.15;155.40;155.30;155.40;157.40;152.90;693828317;4446140;8550;8568;156.0469
23.04.15;155.50;155.50;155.60;156.30;152.00;762837057;4946080;7694;7704;154.2312
22.04.15;152.10;152.00;152.10;154.00;151.20;704041278;4623837;8145;8162;152.259
21.04.15;153.70;153.60;153.80;156.30;153.20;916551906;5934039;8998;9012;154.4561
20.04.15;156.20;156.20;156.30;157.70;155.10;620732116;3972591;6805;6819;156.2359
17.04.15;156.30;156.30;156.50;158.80;155.50;804133259;5152680;7555;7615;156.635
16.04.15;157.70;157.70;157.80;161.50;157.40;1452395127;9135469;12283;12311;159.1512
15.04.15;157.20;157.10;157.20;157.90;155.20;762776107;4862709;7923;7939;156.8623
14.04.15;154.50;154.50;154.60;155.50;152.50;670871703;4345455;6951;6968;154.3858
13.04.15;153.50;153.50;153.60;155.30;152.80;469308472;3048927;5454;5470;153.9254
10.04.15;154.10;154.00;154.10;154.30;151.40;620307713;4050401;6648;6658;153.1456
09.04.15;152.10;151.90;152.10;152.90;149.80;721139697;4760393;7384;7392;151.4876
08.04.15;152.20;152.00;152.20;158.70;151.30;1615296133;10433212;16006;16030;154.8483
07.04.15;152.70;152.60;152.80;153.10;146.80;1380730512;9187697;13785;13823;150.3641
01.04.15;144.00;143.90;144.60;144.90;141.30;355945153;2479825;3951;3960;143.534
31.03.15;142.80;142.70;142.80;145.00;141.10;737697490;5165293;7599;7605;142.8468
30.03.15;142.90;142.90;143.00;144.40;141.70;520657573;3638397;5661;5667;143.1006
27.03.15;143.40;143.30;143.40;144.60;142.40;443049294;3089648;5413;5420;143.3977
26.03.15;142.90;142.90;143.00;147.00;142.60;1098827334;7600743;10561;10599;144.5565
25.03.15;141.30;141.00;141.40;142.70;140.10;642114458;4542864;7395;7410;141.3442
24.03.15;142.00;141.90;142.00;143.20;140.40;629660236;4438331;6768;6777;141.8565
23.03.15;142.60;142.30;142.70;144.00;140.50;768543421;5389511;9317;9324;142.5999
20.03.15;143.90;143.80;143.90;144.10;138.20;1158534139;8137394;8612;8652;141.8865
19.03.15;138.60;138.60;138.70;140.10;137.00;999533646;7209664;9800;9811;138.6442
18.03.15;137.20;137.10;137.20;138.40;134.80;672575837;4916528;7516;7537;136.7611
17.03.15;135.40;135.40;135.50;136.50;132.80;994304671;7365526;9560;9581;135.1818
16.03.15;132.40;132.30;132.40;134.90;131.30;622666277;4684709;8494;8517;132.9146
13.03.15;134.30;134.20;134.30;137.00;133.70;867406602;6417656;9554;9571;135.117
12.03.15;136.90;136.90;137.10;140.20;136.80;639016086;4617378;6577;6582;138.3858
11.03.15;136.90;136.90;137.00;139.00;136.60;895529728;6518042;10197;10212;137.3922
10.03.15;138.00;138.00;138.10;143.80;136.80;1129020040;8110745;12100;12119;139.1519
09.03.15;143.50;143.50;143.70;148.40;143.20;1139446870;7856187;11791;11801;145.0127
06.03.15;146.00;146.00;146.40;147.40;144.10;674075882;4617499;6893;6908;145.9741
05.03.15;145.10;145.00;145.10;147.10;143.80;630335715;4339242;6060;6070;145.2632
04.03.15;143.40;143.30;143.40;146.80;142.20;718507060;4992317;8058;8067;143.9235
03.03.15;143.80;143.70;143.80;144.20;142.20;516967794;3606952;5766;5771;143.3262
02.03.15;143.10;143.00;143.10;146.50;142.00;551929914;3840874;6342;6367;143.6011
27.02.15;144.50;144.40;144.50;145.80;143.00;572277302;3961213;6033;6041;144.4703
26.02.15;146.00;145.90;146.00;146.60;144.50;660198661;4530018;7108;7121;145.7388
25.02.15;145.00;144.80;145.00;145.00;142.60;636147429;4411123;7929;7947;144.2145
24.02.15;144.70;144.60;144.70;144.70;140.70;749841052;5228897;8143;8159;143.4053
23.02.15;141.50;141.40;141.50;144.60;140.00;530725155;3748465;7451;7465;141.584
20.02.15;142.00;142.00;142.10;143.90;140.60;665771175;4689229;7367;7399;142.4046
19.02.15;141.80;141.60;141.80;146.10;140.70;728265609;5098882;8265;8284;142.8308
18.02.15;146.70;146.60;146.70;148.90;144.40;786153341;5361495;7871;7890;146.6298
17.02.15;146.40;146.10;146.40;148.60;145.70;730183327;4965090;8748;8760;147.0632
16.02.15;147.70;147.70;147.80;149.70;147.40;770765831;5278992;6927;6952;148.3521
13.02.15;149.80;149.70;149.80;150.00;145.60;1059543395;7184037;9589;9606;148.4568
12.02.15;143.60;143.60;144.10;145.60;141.60;902973871;6270000;9116;9132;144.0119
11.02.15;141.00;140.90;141.00;144.30;140.50;670518959;4725074;7858;7869;141.8682
10.02.15;143.10;143.10;143.20;148.20;143.10;1289046256;8895769;11650;11684;144.8999
09.02.15;148.80;148.60;148.80;149.00;141.90;1516594285;10365197;13917;13953;146.3507
06.02.15;142.60;142.50;142.60;143.70;140.00;1468858333;10358250;16823;16864;141.8028
05.02.15;139.60;139.50;139.60;139.70;134.50;1130039814;8226139;11785;11806;137.3589
04.02.15;137.20;137.10;137.20;142.10;136.50;1321423089;9550235;14588;14611;138.3607
03.02.15;141.50;141.30;141.60;142.30;138.00;1429787535;10206218;13854;13909;140.1125
02.02.15;135.00;134.90;135.00;135.90;129.00;1290066178;9660806;13930;13976;133.5338
30.01.15;128.40;128.40;128.80;129.70;127.00;938510051;7319748;10298;10324;128.2205
29.01.15;128.40;128.40;128.50;130.80;128.10;1146025984;8871129;14279;14294;129.1788
28.01.15;133.00;132.90;133.00;134.90;131.90;999772042;7489778;9722;9739;133.4421
27.01.15;133.70;133.60;133.70;135.50;132.10;1161503161;8675261;14525;14536;133.8868
26.01.15;135.90;135.80;135.90;136.40;132.10;855205066;6355193;10013;10032;134.5694
23.01.15;137.50;137.40;137.50;139.80;134.50;794495829;5808048;9735;9773;136.7963
22.01.15;137.80;137.70;137.90;138.90;135.80;931405782;6781300;10513;10551;137.3502
21.01.15;135.00;135.00;135.10;135.60;131.20;855212188;6409546;9527;9547;133.4494
20.01.15;130.90;130.80;130.90;134.50;129.70;904356080;6854296;9447;9475;131.9492
19.01.15;133.50;133.40;133.50;133.70;130.50;698823079;5276737;7645;7666;132.3921
16.01.15;132.00;131.80;132.00;133.20;128.40;1031532900;7859098;12200;12233;131.1078
15.01.15;130.70;130.60;130.70;131.50;125.10;1340811210;10397032;14047;14075;129.0144
14.01.15;126.50;126.50;126.70;128.90;125.50;800731239;6304932;10290;10321;126.9185
13.01.15;129.10;129.00;129.10;130.00;124.10;1043450042;8194991;12145;12181;127.3254
12.01.15;125.80;125.80;126.00;130.30;125.30;851466178;6660384;9908;9926;127.847
09.01.15;130.80;130.70;130.80;131.70;130.00;745205070;5695019;9161;9185;130.8508
08.01.15;129.60;129.60;129.70;131.20;127.90;935571821;7215469;9677;9721;129.6552
07.01.15;128.50;128.50;128.60;130.00;124.20;1173067740;9210724;11968;12006;127.4271
06.01.15;127.30;127.30;127.40;127.80;123.50;791895666;6309967;10039;10064;125.5027
05.01.15;126.00;125.90;126.00;131.30;125.50;869901709;6788635;10087;10108;128.1363
02.01.15;130.10;130.10;130.20;132.90;128.90;513431538;3940227;6544;6570;130.3026
30.12.14;131.20;131.20;131.30;132.50;130.20;351193091;2677289;4464;4478;131.1714
29.12.14;133.10;132.90;133.10;135.40;132.20;387176738;2903167;5251;5265;133.3632
23.12.14;133.90;133.80;134.00;135.50;132.10;593498556;4448183;6603;6633;133.4289
22.12.14;133.40;133.40;133.50;136.90;132.50;894352888;6615206;9933;9972;135.1917
19.12.14;132.20;132.10;132.30;133.20;129.20;1324068933;9941810;13067;13112;131.3655
18.12.14;132.70;132.50;132.70;134.50;127.50;1671224244;12694039;19283;19331;131.6549
17.12.14;125.80;125.70;125.90;125.90;121.20;1152581708;9287817;13708;13754;124.2073
16.12.14;120.80;120.80;121.00;121.50;118.20;1231906766;10254415;15515;15552;120.1194
15.12.14;120.00;120.00;120.10;124.40;120.00;812701114;6687354;8745;8774;121.5477
12.12.14;121.50;121.40;121.50;123.60;120.50;839579053;6881770;10330;10355;121.9784
11.12.14;123.60;123.50;123.60;124.50;120.80;949301755;7713131;10851;10865;123.0507
10.12.14;122.50;122.40;122.50;124.30;121.00;897214412;7305701;10167;10195;122.7817
09.12.14;123.50;123.50;123.60;124.80;121.30;1240745238;10050039;16046;16077;123.4318
08.12.14;126.50;126.30;126.50;129.10;126.10;729513270;5745256;9169;9189;126.9981
05.12.14;128.90;128.90;129.00;131.70;128.10;894472797;6910832;11227;11249;129.395
04.12.14;130.70;130.70;130.80;135.20;129.90;1012927032;7712061;12686;12713;131.335
03.12.14;134.60;134.50;134.60;136.30;132.70;973283516;7245346;11037;11053;134.3338
02.12.14;135.00;135.00;135.10;136.40;133.30;1095242841;8112287;11203;11237;135.0486
01.12.14;133.30;133.20;133.30;134.60;126.50;1180730959;9028333;13479;13500;130.8296
28.11.14;132.50;132.40;132.60;138.00;128.70;2817358118;21354250;27218;27327;131.7064
27.11.14;143.00;143.00;143.10;149.00;142.30;1154913903;7934153;11371;11391;145.5285
26.11.14;149.50;149.50;149.60;151.20;149.00;654256126;4367077;6536;6540;149.8121
25.11.14;152.80;152.70;152.80;153.20;151.50;590500769;3873711;5248;5261;152.4107
24.11.14;154.30;154.20;154.30;155.80;153.60;514991981;3325555;5126;5132;154.6479
21.11.14;153.20;153.20;153.40;154.90;150.60;898964533;5839834;7763;7785;152.6343
20.11.14;149.80;149.80;149.90;151.10;148.70;506502313;3383147;5208;5211;149.7134
19.11.14;149.40;149.30;149.40;149.70;147.10;405353213;2724747;4937;4945;148.7082
18.11.14;148.50;148.40;148.50;150.30;147.50;679149999;4558779;7317;7324;148.9621
17.11.14;148.10;148.00;148.10;148.80;146.80;390752706;2641462;4288;4291;147.9306
14.11.14;149.40;149.30;149.40;149.70;144.50;549674984;3727808;5822;5831;147.4543
13.11.14;148.20;148.20;148.40;151.40;148.20;588634834;3932113;5613;5615;149.6846
12.11.14;151.30;151.30;151.50;152.60;150.60;356735847;2354995;3887;3890;151.4836
11.11.14;152.00;151.90;152.00;153.40;150.80;726327874;4773971;4081;4089;151.7866
10.11.14;153.50;153.50;153.60;156.10;152.40;533027772;3456754;5984;5988;154.1977
07.11.14;152.50;152.40;152.50;153.40;150.10;482718257;3173044;4817;4832;152.1333
06.11.14;149.80;149.70;149.80;152.50;149.20;660971931;4385205;7437;7450;150.7274
05.11.14;150.20;150.10;150.20;150.80;146.30;846656740;5671952;8728;8736;149.2671
04.11.14;147.10;147.10;147.20;150.40;147.10;938122980;6324479;9787;9796;148.329
03.11.14;152.20;152.10;152.20;155.10;152.10;546937047;3565213;6478;6482;153.4094
31.10.14;153.00;153.00;153.10;156.80;151.80;843959008;5502630;8431;8434;153.3837
30.10.14;154.20;154.20;154.30;158.90;152.90;750521025;4838750;8911;8916;155.0957
29.10.14;158.70;158.60;158.70;160.20;151.50;812073895;5162073;9954;9959;157.3123
28.10.14;155.40;155.10;155.40;155.70;151.60;510927905;3305207;6181;6187;154.58
27.10.14;152.80;152.80;152.90;157.80;152.00;470413515;3059645;5492;5495;153.7424
24.10.14;155.00;154.80;155.00;155.90;153.90;527481627;3407674;5998;6001;154.8011
23.10.14;154.80;154.80;154.90;156.40;152.40;764552640;4935233;8269;8274;154.9173
22.10.14;157.50;157.20;157.50;157.50;153.80;593561151;3803796;6576;6584;156.0452
21.10.14;155.80;155.70;155.80;156.10;148.20;791394812;5159419;8433;8444;153.3626
20.10.14;148.70;148.30;148.70;158.00;148.00;694239709;4625466;7221;7227;150.0843
17.10.14;153.00;152.90;153.00;153.50;147.90;1061366909;6970270;9895;9905;151.9943
16.10.14;146.00;146.00;146.10;153.20;145.10;1694680386;11514189;15082;15102;147.206
15.10.14;153.00;152.80;153.00;156.70;150.20;1213094684;7926890;11023;11036;152.7881
14.10.14;157.50;157.50;157.60;161.20;157.50;680413035;4284992;7376;7382;158.7955
13.10.14;160.20;160.10;160.20;161.60;156.80;525568431;3292571;5626;5635;159.663
10.10.14;158.30;158.30;158.40;160.90;157.70;607011525;3816044;6722;6738;159.044
09.10.14;161.80;161.80;162.00;167.40;161.60;753736377;4566064;6083;6092;163.6193
08.10.14;163.70;163.70;163.80;164.80;162.70;692606954;4225203;6916;6930;163.9026
07.10.14;164.80;164.70;164.80;166.40;164.20;690856368;4184504;7067;7078;165.0923
06.10.14;166.60;166.60;166.90;168.00;165.30;609528456;3659561;5978;5983;166.5584
03.10.14;167.90;167.80;168.00;171.40;167.50;637512719;3785022;6700;6704;168.4305
02.10.14;169.00;169.00;169.30;173.70;168.70;739965610;4335553;6970;6985;170.5378
01.10.14;173.70;173.70;173.80;174.90;172.80;646143866;3719046;4738;4748;173.7348
30.09.14;175.20;175.20;175.30;176.50;174.20;464676072;2651527;4478;4483;175.2713
29.09.14;174.60;174.60;174.70;176.30;174.40;310152756;1772080;3864;3871;175.0221
26.09.14;174.20;174.20;174.40;174.60;172.10;318621702;1833951;3735;3742;173.7443
25.09.14;173.00;173.00;173.20;178.10;173.00;732945562;4198801;7110;7112;174.564
24.09.14;177.10;177.00;177.10;178.70;175.70;570480938;3220471;5533;5536;177.1418
23.09.14;176.50;176.50;176.70;180.20;176.00;667318309;3769061;7120;7122;177.052
22.09.14;180.40;180.30;180.40;180.80;178.50;349993880;1946779;4171;4179;179.7819
19.09.14;180.70;180.60;180.70;181.70;179.70;643282484;3564975;3550;3569;180.5334
18.09.14;180.80;180.80;180.90;182.30;179.50;637276997;3518649;4731;4738;180.9679
17.09.14;179.80;179.80;179.90;180.70;179.00;412558769;2293793;3705;3710;179.8602
16.09.14;179.50;179.30;179.50;179.50;177.30;501352553;2804807;3906;3912;178.7418
15.09.14;177.40;177.20;177.40;177.40;175.00;480473924;2720853;4191;4199;176.5896
12.09.14;176.40;176.30;176.40;177.90;175.70;452938108;2562391;4277;4279;176.7639
11.09.14;175.60;175.50;175.60;177.40;174.50;325686770;1856368;3571;3576;175.4456
10.09.14;176.50;176.50;176.70;177.70;176.00;285994197;1618014;2606;2612;176.7553
09.09.14;176.90;176.70;176.90;179.00;175.90;588987228;3324928;4200;4205;176.8861
08.09.14;179.30;179.20;179.30;181.10;178.80;297849977;1658493;2946;2953;179.5909
05.09.14;180.40;180.30;180.40;181.20;180.20;419980188;2325283;3537;3540;180.6146
04.09.14;180.80;180.70;180.80;181.80;179.00;555316582;3079089;5091;5094;180.3498
03.09.14;181.90;181.70;181.90;181.90;179.60;638311793;3526915;6114;6121;180.9877
02.09.14;181.30;181.20;181.40;182.50;179.30;856695099;4730620;6675;6692;181.1365
01.09.14;178.40;178.30;178.60;179.30;175.30;482363621;2710475;4448;4454;177.9616
29.08.14;174.00;173.90;174.10;176.60;174.00;397946192;2281045;2751;2755;174.4582
28.08.14;176.30;176.30;176.40;177.30;175.50;238872331;1353712;3006;3011;176.4562
27.08.14;176.70;176.60;176.70;177.00;175.80;305861590;1732964;3504;3509;176.4974
26.08.14;175.70;175.60;175.70;175.70;174.20;275421460;1572258;2456;2461;175.1772
25.08.14;174.60;174.50;174.60;175.10;173.80;180123956;1031828;1805;1810;174.5897
22.08.14;173.60;173.50;173.60;175.00;172.90;462151934;2616565;3620;3635;173.7969
21.08.14;173.50;173.50;173.60;175.00;173.50;381950415;2190356;3916;3921;174.111
20.08.14;174.20;174.20;174.30;174.40;172.30;443602821;2550232;3675;3677;173.9507
19.08.14;172.40;172.20;172.40;172.70;170.50;511801708;2981370;5148;5158;171.6274
18.08.14;171.90;171.90;172.00;173.90;171.90;331524329;1920509;3989;3994;172.5943
15.08.14;172.60;172.50;172.80;173.30;171.70;535230007;3100432;4654;4656;172.6341
14.08.14;173.60;173.50;173.60;174.20;172.20;434421030;2508910;5355;5363;173.1606
13.08.14;174.60;174.60;174.90;176.20;174.60;459655642;2622328;4104;4111;175.2531
12.08.14;175.10;175.00;175.20;180.20;175.00;641082340;3632382;6594;6601;176.4956
11.08.14;180.00;179.90;180.00;180.60;178.20;431074068;2394683;4019;4024;179.8177
08.08.14;176.70;176.70;176.90;179.50;176.70;553205870;3110103;5920;5926;177.8621
07.08.14;178.60;178.60;178.70;180.60;178.60;464581453;2584226;2684;2688;179.3179
06.08.14;180.60;180.60;180.70;181.30;179.20;378979176;2101254;4154;4156;180.358
05.08.14;182.30;182.20;182.30;183.70;181.40;402506020;2204814;3651;3658;182.5565
04.08.14;181.90;181.60;181.90;183.00;181.00;395619136;2173419;4044;4049;182.0255
01.08.14;180.20;180.20;180.30;181.80;178.50;498199930;2766762;4755;4762;180.0747
31.07.14;180.10;180.10;180.30;181.20;179.50;438632323;2433758;4257;4264;180.2359
30.07.14;180.90;180.90;181.00;182.50;180.90;419046115;2308423;4252;4257;181.5291
29.07.14;182.60;182.50;182.60;182.70;180.50;364124052;2001776;3760;3769;181.9437
28.07.14;181.50;181.50;181.70;183.30;181.30;437944329;2407329;4480;4487;181.924
25.07.14;184.00;183.60;184.00;185.60;181.20;1027515908;5600216;9295;9303;183.4777
24.07.14;188.70;188.70;188.90;190.10;188.50;384216156;2028626;3041;3049;189.3646
23.07.14;189.00;188.70;189.00;190.00;187.90;300484103;1589251;2783;2787;189.0725
22.07.14;189.70;189.60;189.70;190.40;188.50;312172275;1645925;2994;2998;189.6637
21.07.14;187.90;187.80;187.90;188.20;186.00;343314377;1834580;3774;3775;187.1351
18.07.14;188.00;188.00;188.10;189.40;187.90;564461007;3001619;3308;3330;188.3865
17.07.14;188.50;188.50;188.70;189.80;188.20;632979999;3349796;4828;4840;188.8142
16.07.14;189.00;188.70;189.00;189.30;187.90;443164378;2347660;3995;3999;188.7686
15.07.14;188.00;187.80;188.00;188.80;186.40;684522956;3646476;6401;6406;187.7218
14.07.14;187.40;187.20;187.40;187.40;185.60;371103144;1985625;3126;3130;186.8945
11.07.14;185.30;185.20;185.30;186.40;184.50;328515918;1770297;3244;3247;185.5718
10.07.14;184.80;184.80;184.90;187.70;184.50;452392635;2440832;4643;4645;185.3384
09.07.14;187.90;187.80;187.90;188.90;186.00;370831189;1974666;3677;3682;187.794
08.07.14;186.80;186.80;187.00;189.60;186.70;430780815;2293728;3796;3804;187.801
07.07.14;187.80;187.80;188.10;189.60;187.80;267519443;1421281;2160;2171;188.2469
04.07.14;189.60;189.60;189.80;190.90;188.70;258993673;1367721;2816;2823;189.365
03.07.14;190.00;189.90;190.00;192.50;189.80;435456267;2280944;4337;4342;190.9097
02.07.14;190.20;190.10;190.20;192.10;189.70;454970624;2384122;3952;3961;190.7329
01.07.14;191.00;190.80;191.00;191.30;188.40;503078121;2641164;5103;5109;190.4752
30.06.14;188.40;188.40;188.60;191.20;188.00;528845643;2796790;5065;5071;189.09
27.06.14;190.00;190.00;190.10;190.80;189.60;402322075;2114134;3828;3836;190.3243
26.06.14;188.70;188.70;188.80;191.50;188.10;463762798;2448584;4446;4454;189.4058
25.06.14;189.80;189.70;189.80;192.10;188.50;818538686;4303891;6789;6793;190.18
24.06.14;194.80;194.70;194.80;195.90;194.40;524493828;2691020;3284;3293;194.8746
23.06.14;194.80;194.80;195.00;195.70;194.40;580643075;2976770;3596;3608;194.944
20.06.14;194.20;194.20;194.40;195.10;192.40;776912937;4026447;6904;6923;193.7433
19.06.14;193.60;193.30;193.60;193.60;190.00;677685238;3531214;5093;5108;192.0873
18.06.14;190.10;189.90;190.10;190.20;187.40;707159264;3735455;5527;5535;189.323
17.06.14;187.70;187.70;187.80;191.00;187.00;658053117;3490247;6089;6101;188.4717
16.06.14;191.20;191.00;191.20;191.20;189.00;610535443;3208696;5287;5298;190.2874
13.06.14;191.00;190.90;191.00;191.00;186.10;925212589;4894865;7844;7858;189.0859
12.06.14;187.20;187.10;187.20;187.20;182.00;673272769;3635886;4970;4978;185.1905
11.06.14;182.90;182.90;183.00;184.30;181.80;447114461;2446689;4055;4057;182.7428
10.06.14;183.50;183.40;183.50;184.40;181.20;581216148;3177979;5250;5257;182.8833
06.06.14;184.60;184.60;184.70;185.00;183.70;359882940;1950421;3285;3295;184.5159
05.06.14;185.00;184.80;185.00;186.00;181.70;939421824;5120736;6646;6655;184.3571
04.06.14;181.50;181.40;181.60;183.50;180.20;614127699;3385511;5362;5367;181.3963
03.06.14;184.60;184.40;184.60;184.60;182.70;517017825;2813921;4645;4651;183.7349
02.06.14;184.00;183.90;184.00;184.20;182.20;451960434;2465301;4116;4126;183.3429
30.05.14;183.20;183.20;183.30;185.10;183.00;725000796;3949408;4767;4774;183.566
28.05.14;184.60;184.50;184.60;186.00;182.20;562223988;3056099;4353;4356;183.968
27.05.14;183.50;183.50;183.60;185.50;182.50;814663489;4424547;8203;8221;184.1101
26.05.14;182.30;182.30;182.60;183.90;181.30;443867800;2425946;3180;3188;182.7316
23.05.14;181.20;181.00;181.20;181.20;179.70;288859496;1598816;2629;2633;180.6721
22.05.14;180.40;180.20;180.50;181.10;179.40;415421547;2305419;3665;3672;180.1939
21.05.14;180.40;180.30;180.40;180.50;177.90;439009528;2442185;3532;3541;179.7612
20.05.14;178.60;178.50;178.60;180.30;177.70;347288595;1944679;3671;3679;178.5845
19.05.14;179.30;179.20;179.30;180.00;178.50;464067916;2587486;5095;5102;179.3501
16.05.14;179.50;179.50;179.60;179.90;176.90;584860604;3274940;5808;5816;178.5762
15.05.14;180.00;179.60;180.00;180.40;175.10;1029236787;5836158;6205;6259;179.679
14.05.14;186.00;185.90;186.00;186.80;184.70;708680772;3855063;4936;4954;185.96
13.05.14;184.60;184.50;184.60;184.90;183.20;534329235;2906411;4248;4256;184.336
12.05.14;184.50;184.30;184.50;184.50;183.10;601470599;3271225;4460;4480;184.1257
09.05.14;185.40;185.20;185.40;185.40;183.80;479840554;2596913;3657;3667;184.8589
08.05.14;185.40;185.30;185.40;187.30;184.20;680283787;3678619;5962;5985;185.3913
07.05.14;185.60;185.60;185.80;187.60;183.70;761686653;4121768;7057;7070;185.7172
06.05.14;184.60;184.50;184.60;184.60;182.80;529813994;2881973;4820;4835;183.8335
05.05.14;182.80;182.80;182.90;183.80;182.10;363450707;1989104;3503;3518;182.7285
02.05.14;183.00;182.80;183.00;183.50;181.00;639788879;3503097;5333;5359;182.6266
30.04.14;180.40;180.40;180.50;182.90;179.50;876725580;4842899;6896;6926;181.0361
29.04.14;181.50;181.40;181.50;182.00;177.70;1464249288;8114053;11783;11801;180.4879
28.04.14;173.70;173.70;173.80;174.40;172.50;574054443;3310533;6247;6251;173.4027
25.04.14;173.30;173.30;173.40;173.50;171.70;372936562;2156712;3589;3599;172.9228
24.04.14;172.00;171.80;172.00;172.00;170.70;464129539;2705543;4297;4305;171.6134
23.04.14;171.00;170.90;171.00;174.50;170.50;640933947;3740095;5115;5122;171.3701
22.04.14;173.70;173.60;173.70;174.00;171.10;726580633;4229523;5602;5618;172.7649
16.04.14;174.30;173.70;174.30;174.30;171.30;402295418;2325820;3059;3064;172.9964
15.04.14;172.20;172.10;172.20;172.80;169.80;818479686;4768613;7273;7285;171.6169
14.04.14;169.50;169.40;169.50;169.70;165.50;590731322;3508417;5594;5606;168.3837
11.04.14;165.30;165.30;165.40;167.30;164.80;427764276;2583275;4308;4319;165.5839
10.04.14;166.70;166.60;166.70;166.90;165.00;507799817;3056469;4409;4422;166.1611
09.04.14;165.90;165.90;166.00;166.60;165.20;324406140;1955782;2755;2765;165.8716
08.04.14;164.90;164.80;164.90;166.20;164.40;409110509;2477818;3938;3944;165.1093
07.04.14;166.50;166.40;166.50;167.90;165.50;504674437;3034308;4954;4966;166.3216
04.04.14;169.50;169.50;169.60;169.90;167.10;405503351;2398267;3380;3388;169.0819
03.04.14;167.80;167.80;167.90;168.40;166.60;368378441;2198594;3804;3823;167.5585
02.04.14;167.30;167.30;167.40;168.30;166.50;380793866;2279152;4147;4154;167.0932
01.04.14;167.70;167.60;167.70;169.00;166.40;530688954;3166272;4905;4917;167.606
31.03.14;169.00;169.00;169.10;170.30;168.70;485016388;2864992;4183;4197;169.2908
28.03.14;169.50;169.50;169.60;172.30;169.20;497322108;2918860;5268;5284;170.3803
27.03.14;171.30;171.30;171.40;171.30;167.70;554664765;3255721;4104;4119;170.3705
26.03.14;169.10;169.10;169.20;170.50;168.70;486497980;2870962;4834;4843;
25.03.14;169.00;169.00;169.10;169.30;167.80;469115760;2780054;3451;3463;
24.03.14;168.30;168.30;168.40;168.90;166.60;558797379;3325494;4810;4817;
21.03.14;168.20;168.20;168.30;168.20;164.10;997534072;6053530;6067;6090;
20.03.14;164.70;164.60;164.70;164.70;163.10;490550717;2987283;3806;3813;
19.03.14;164.80;164.80;164.90;165.90;164.70;440846512;2671262;3358;3367;
18.03.14;165.40;165.20;165.40;166.30;164.00;620114226;3758509;5956;5962;
17.03.14;166.40;166.30;166.40;166.50;163.30;704111844;4256078;5820;5836;
14.03.14;165.20;165.10;165.20;165.20;162.00;931702989;5682663;8088;8098;
13.03.14;163.00;163.00;163.30;164.10;160.70;911170954;5588697;6437;6449;
12.03.14;161.50;161.50;161.60;163.00;161.20;507214549;3133207;4601;4609;
11.03.14;162.70;162.70;162.80;163.60;162.40;402743587;2492131;3051;3059;
10.03.14;161.70;161.50;161.70;162.50;159.40;334686672;2069853;3070;3075;
07.03.14;161.30;161.30;161.40;163.00;161.00;446652918;2759558;4863;4873;
06.03.14;163.00;162.90;163.00;163.50;161.50;325046705;2000360;3438;3446;
05.03.14;162.10;162.00;162.10;163.10;161.80;448903873;2765638;3989;3998;
04.03.14;163.40;163.40;163.50;163.40;161.50;643396691;3951423;4993;5017;
03.03.14;164.10;163.80;164.10;164.50;159.00;1160037866;7117289;8769;8786;
28.02.14;158.40;158.40;158.50;159.10;157.80;331161845;2089155;3153;3155;
27.02.14;158.20;158.20;158.30;159.90;157.70;348559659;2199071;3007;3019;
26.02.14;160.00;160.00;160.10;160.70;158.60;500186927;3130391;3054;3069;
25.02.14;159.80;159.70;159.80;161.50;159.00;372035844;2327010;3230;3241;
24.02.14;161.10;160.90;161.10;161.10;159.30;381722072;2376353;2637;2645;
21.02.14;160.50;160.50;160.60;162.00;160.50;457981045;2880312;3322;3341;
20.02.14;161.10;161.00;161.10;161.10;159.70;455026093;2849759;6246;6252;
19.02.14;161.00;160.90;161.00;162.80;160.30;539474285;3344549;4947;4962;
18.02.14;160.50;160.50;160.60;160.70;158.10;493189259;3086198;4298;4306;
17.02.14;158.30;158.30;158.40;159.10;158.10;211214530;1332488;2264;2272;
14.02.14;158.50;158.40;158.50;158.70;156.90;390164193;2469663;3220;3227;
13.02.14;157.30;157.30;157.50;159.50;156.60;491807100;3120107;4520;4540;
12.02.14;159.90;159.80;159.90;159.90;157.00;669038033;4208596;6206;6224;
11.02.14;157.00;156.90;157.00;157.50;155.40;564202409;3607083;5592;5607;
10.02.14;155.30;155.30;155.40;158.00;155.20;898050160;5760943;7881;7893;
07.02.14;157.50;157.50;157.60;158.20;144.60;1969503625;12862226;15662;15691;
06.02.14;149.00;148.90;149.00;150.50;147.30;573662615;3846844;4602;4615;
05.02.14;147.40;147.30;147.40;147.90;146.30;690828604;4692547;5538;5554;
04.02.14;149.00;149.00;149.20;150.20;147.50;642164130;4310154;5499;5510;
03.02.14;148.20;148.20;148.30;149.50;147.80;298051881;2007566;3130;3138;
31.01.14;148.60;148.50;148.60;151.20;148.00;407944124;2734842;3493;3498;
30.01.14;150.80;150.80;150.90;151.70;149.00;449331375;2984390;4365;4374;
29.01.14;148.70;148.70;148.80;150.50;147.80;480645615;3221882;4655;4665;
28.01.14;150.40;150.30;150.40;150.50;147.80;442475331;2963164;3810;3819;
27.01.14;149.20;149.00;149.20;149.50;147.20;462594412;3117725;4972;4984;
24.01.14;149.00;149.00;149.10;152.50;148.70;608483101;4054333;5428;5434;
23.01.14;152.30;152.20;152.30;153.80;151.80;345081314;2261728;3422;3433;
22.01.14;153.70;153.70;153.80;154.60;152.90;349445884;2274518;2877;2892;
21.01.14;154.70;154.60;154.70;154.90;152.70;414817103;2692622;3556;3571;
20.01.14;153.20;153.20;153.30;153.30;152.30;365156639;2389081;3735;3745;
17.01.14;152.70;152.70;152.80;156.00;152.70;710095336;4652697;5040;5057;
16.01.14;154.80;154.60;154.80;155.50;152.40;590751550;3824114;5618;5635;
15.01.14;153.50;153.30;153.50;153.50;151.30;392288471;2569032;2868;2886;
14.01.14;151.50;151.30;151.50;152.30;150.50;386520821;2552617;3998;4010;
13.01.14;152.00;152.00;152.10;152.80;151.40;323381868;2126517;3202;3226;
10.01.14;152.00;152.00;152.10;153.60;148.90;970565631;6406653;8152;8182;
09.01.14;148.20;148.10;148.20;148.40;147.60;279602088;1888593;2599;2610;
08.01.14;148.60;148.40;148.60;148.60;147.10;378158476;2553160;2719;2729;
07.01.14;147.70;147.50;147.70;147.70;145.70;310553187;2112983;2635;2650;
06.01.14;146.40;146.30;146.40;147.00;146.10;224780941;1534030;1954;1967;
03.01.14;146.50;146.50;146.60;147.50;146.00;323694260;2207288;2791;2809;
02.01.14;146.90;146.80;146.90;147.50;146.40;249638219;1699533;3016;3041;
30.12.13;147.00;146.90;147.00;148.50;146.80;213655796;1447839;2330;2341;
27.12.13;147.70;147.60;147.70;148.40;147.00;270888375;1833398;3086;3099;
23.12.13;146.50;146.50;146.60;147.20;144.40;323117575;2212323;3159;3163;
20.12.13;144.50;144.40;144.50;144.50;143.00;519473043;3624577;3461;3492;
19.12.13;143.60;143.40;143.60;143.70;142.10;452657853;3163710;4814;4826;
18.12.13;142.00;141.90;142.00;142.70;141.20;499392948;3516643;3690;3710;
17.12.13;141.70;141.60;141.70;142.10;140.60;434933972;3072541;3658;3672;
16.12.13;140.80;140.80;140.90;141.30;139.00;311971957;2221772;2629;2635;
13.12.13;139.80;139.80;139.90;140.40;138.80;328547137;2351988;2693;2700;
12.12.13;140.00;139.90;140.00;140.40;139.30;388425194;2777117;3482;3496;
11.12.13;140.60;140.60;140.70;141.80;140.60;333958482;2364992;3220;3230;
10.12.13;141.90;141.80;141.90;142.20;140.50;426170675;3009971;4101;4106;
09.12.13;141.00;140.90;141.00;141.80;140.40;431930478;3060944;4404;4412;
06.12.13;139.90;139.90;140.00;141.00;139.20;432797247;3091167;4522;4533;
05.12.13;139.50;139.40;139.50;139.90;138.80;318663713;2285011;2569;2577;
04.12.13;139.20;139.20;139.40;140.80;139.10;397424563;2843612;3698;3710;
03.12.13;139.70;139.70;139.80;141.10;139.00;547988262;3924163;4126;4133;
02.12.13;138.20;138.00;138.20;138.40;137.40;202182105;1464827;1721;1729;
29.11.13;138.40;138.40;138.50;139.00;138.30;251340514;1813984;1777;1785;
28.11.13;138.60;138.60;138.90;139.80;138.10;247805998;1783597;1922;1938;
27.11.13;138.00;137.90;138.00;138.90;137.60;318050521;2304047;2967;2986;
26.11.13;138.50;138.50;138.60;139.50;138.30;241944893;1744569;2192;2200;
25.11.13;139.20;139.10;139.20;139.50;138.50;250007140;1797359;1897;1903;
22.11.13;139.50;139.50;139.70;140.70;139.30;393313789;2824331;3064;3084;
21.11.13;139.90;139.90;140.00;140.70;139.60;428826852;3064954;2768;2776;
20.11.13;140.40;140.30;140.40;141.00;139.80;206658613;1471627;2178;2187;
19.11.13;141.00;140.80;141.00;141.50;140.70;327156549;2320207;2410;2418;
18.11.13;141.40;141.30;141.40;141.90;141.00;305284502;2158720;3009;3016;
15.11.13;141.20;141.10;141.20;142.00;140.30;497708594;3528961;3732;3738;
14.11.13;140.00;139.90;140.00;140.70;139.50;342480201;2445300;3240;3242;
13.11.13;138.80;138.70;138.80;139.70;138.10;394169838;2840817;4660;4667;
12.11.13;139.80;139.70;139.80;141.00;138.90;515635491;3685094;4383;4399;
11.11.13;141.30;141.20;141.30;141.50;139.70;236873490;1679622;2875;2891;
08.11.13;140.20;140.20;140.30;141.20;138.70;519702438;3718089;5417;5432;
07.11.13;141.30;141.30;141.70;142.90;141.30;364706365;2572971;4580;4590;
06.11.13;142.20;142.20;142.30;142.20;140.70;329094424;2323701;3399;3417;
05.11.13;141.30;141.00;141.30;142.20;140.70;455738014;3227177;3659;3685;
04.11.13;141.30;141.30;141.40;142.00;140.60;241640478;1712161;2779;2791;
01.11.13;140.90;140.70;140.90;141.60;139.90;238729719;1696898;2764;2774;
31.10.13;141.00;141.00;141.10;141.60;138.30;772908248;5515673;6107;6125;
30.10.13;140.90;140.70;140.90;144.40;140.00;826744193;5806465;6802;6822;
29.10.13;143.00;142.90;143.00;143.00;141.30;471839997;3310288;3932;3944;
28.10.13;141.30;141.30;141.40;143.40;141.30;414621999;2922329;4396;4410;
25.10.13;142.80;142.70;142.80;142.90;139.10;582233795;4113563;5532;5539;
24.10.13;139.90;139.70;139.90;139.90;138.30;409508221;2937523;3424;3431;
23.10.13;138.50;138.40;138.50;139.50;137.80;430626966;3108557;3959;3971;
22.10.13;139.80;139.70;139.80;139.80;138.60;374355912;2685323;3701;3709;
21.10.13;139.70;139.60;139.70;140.00;137.60;348190977;2504408;3793;3797;
18.10.13;138.00;137.90;138.00;138.60;136.70;421726029;3064413;3053;3062;
17.10.13;136.50;136.40;136.50;137.10;135.90;364168673;2666761;4861;4873;
16.10.13;136.50;136.50;136.60;137.50;136.10;371172597;2717682;3321;3325;
15.10.13;137.60;137.50;137.60;137.60;135.80;503984482;3680979;3229;3247;
14.10.13;135.10;135.10;135.20;135.60;134.80;320205124;2368851;3607;3620;
11.10.13;135.10;135.10;135.20;136.20;134.70;284117487;2099904;3013;3020;
10.10.13;135.60;135.50;135.60;135.60;133.70;375899221;2789847;3731;3743;
09.10.13;133.70;133.70;133.80;134.50;133.00;336931278;2519912;3655;3665;
08.10.13;133.30;133.30;133.40;134.90;133.20;413107786;3084609;3937;3949;
07.10.13;134.50;134.40;134.50;135.60;133.90;282308936;2099054;2599;2607;
04.10.13;135.50;135.40;135.50;135.70;134.20;234668580;1737650;2665;2673;
03.10.13;135.10;135.10;135.20;135.80;134.70;276092307;2040784;2404;2413;
02.10.13;135.00;134.90;135.00;135.30;133.90;294803256;2191266;3564;3570;
01.10.13;135.00;135.00;135.10;136.70;134.40;314484773;2322707;3489;3495;
30.09.13;136.50;136.50;136.60;137.50;136.00;454359494;3325934;3775;3787;
27.09.13;137.30;137.30;137.40;138.50;136.40;567892689;4129345;4519;4534;
26.09.13;137.50;137.50;137.60;138.10;136.80;415254895;3017029;3966;3979;
25.09.13;136.80;136.70;136.80;136.90;135.70;403134412;2957197;3530;3549;
24.09.13;136.40;136.30;136.40;137.00;135.30;334355043;2451634;3845;3860;
23.09.13;134.90;134.80;134.90;135.40;134.40;258257296;1915302;3465;3477;
20.09.13;135.20;135.10;135.20;135.50;134.50;412810070;3059146;4290;4307;
19.09.13;135.00;135.00;135.10;135.40;134.20;577711841;4280468;5730;5750;
18.09.13;133.50;133.30;133.50;133.80;132.30;466387277;3506794;3459;3475;
17.09.13;133.90;133.90;134.00;134.70;133.60;239230303;1785853;2626;2632;
16.09.13;134.70;134.50;134.70;135.50;134.20;327778754;2433733;3497;3506;
13.09.13;135.20;135.00;135.20;135.20;133.10;351729795;2617375;3601;3609;
12.09.13;134.30;134.30;134.40;135.70;133.30;374150601;2783323;4299;4307;
11.09.13;134.50;134.30;134.50;134.50;132.10;482116234;3608067;4330;4350;
10.09.13;132.90;132.80;132.90;135.10;132.50;595448696;4457462;5534;5553;
09.09.13;135.10;135.10;135.20;136.60;135.10;285587936;2106564;2807;2822;
06.09.13;136.30;136.20;136.30;137.00;135.20;426831138;3135984;3733;3744;
05.09.13;134.90;134.90;135.00;135.30;134.40;359644820;2669614;2802;2812;
04.09.13;135.50;135.40;135.50;135.80;134.50;220233716;1628281;2950;2955;
03.09.13;135.40;135.40;135.60;135.90;134.00;343262026;2541411;3669;3683;
02.09.13;134.60;134.50;134.60;134.60;133.30;330034113;2460404;2990;3002;
30.08.13;134.40;134.30;134.40;135.60;133.60;429289853;3197141;4623;4629;
29.08.13;135.50;135.40;135.50;137.70;134.70;658784270;4833749;7024;7046;
28.08.13;137.60;137.60;137.70;137.70;134.50;1431030641;10508663;10771;10814;
27.08.13;132.00;131.80;132.00;132.10;129.10;641077307;4891979;5288;5315;
26.08.13;130.30;130.20;130.30;130.70;129.60;267894783;2055558;2305;2326;
23.08.13;129.60;129.60;129.70;130.00;128.20;288552655;2234292;3393;3422;
22.08.13;129.10;129.00;129.10;129.20;127.30;325284363;2530076;3831;3858;
21.08.13;128.00;127.90;128.00;128.70;127.50;391949028;3062459;3963;3990;
20.08.13;128.50;128.50;128.60;129.80;128.50;320009365;2480870;3604;3630;
19.08.13;129.50;129.50;129.60;130.60;128.60;428126755;3298949;4779;4787;
16.08.13;128.60;128.60;128.70;129.60;128.40;323767086;2512212;3339;3360;
15.08.13;128.90;128.80;128.90;129.30;128.40;385612963;2992439;7527;7539;
14.08.13;128.90;128.80;128.90;129.20;126.90;505670525;3937226;4236;4250;
13.08.13;126.80;126.70;126.90;127.40;126.30;201132480;1585623;2229;2240;
12.08.13;126.90;126.90;127.00;127.80;126.60;211560007;1664187;2454;2468;
09.08.13;127.00;127.00;127.10;127.30;126.80;268870446;2116767;2556;2562;
08.08.13;126.70;126.50;126.70;127.00;125.80;395920875;3128414;3481;3489;
07.08.13;126.00;126.00;126.10;127.00;125.10;301825677;2395498;2993;2998;
06.08.13;126.00;125.90;126.00;126.30;125.40;355569255;2824025;2890;2893;
05.08.13;126.30;126.30;126.40;127.10;126.00;224309564;1772831;2569;2595;
02.08.13;126.90;126.90;127.00;127.60;126.20;359980492;2840342;4311;4320;
01.08.13;127.30;127.20;127.30;128.40;125.50;602983708;4763542;5329;5343;
31.07.13;127.80;127.80;127.90;128.10;127.10;339825114;2660801;3413;3425;
30.07.13;127.30;127.30;127.40;128.50;126.60;278479906;2186205;3613;3625;
29.07.13;128.10;128.00;128.10;128.60;127.20;247444146;1934335;3181;3187;
26.07.13;128.80;128.60;128.80;130.50;128.40;311168877;2407807;3574;3584;
25.07.13;130.70;130.60;130.70;130.80;129.60;343567957;2636748;3655;3678;
24.07.13;132.40;132.40;132.50;133.60;132.40;252189835;1899635;3383;3401;
23.07.13;133.00;132.90;133.00;133.40;132.40;227173707;1709052;2595;2614;
22.07.13;133.30;133.20;133.30;133.30;132.20;236022881;1777059;2666;2672;
19.07.13;132.70;132.70;132.80;133.50;132.40;216885520;1633380;2029;2039;
18.07.13;132.80;132.70;132.80;132.90;131.20;537198077;4067595;4635;4644;
17.07.13;133.30;133.20;133.30;133.60;130.60;408713146;3083422;4740;4746;
16.07.13;131.20;131.20;131.30;131.60;130.30;322786664;2461154;3322;3332;
15.07.13;131.20;131.00;131.20;131.20;129.60;274184366;2100910;2801;2805;
12.07.13;130.20;130.20;130.30;131.10;130.10;244347638;1872397;2735;2739;
11.07.13;131.60;131.50;131.60;131.60;128.90;493705811;3777240;4253;4259;
10.07.13;128.70;128.40;128.70;128.70;127.70;238898377;1860986;2802;2805;
09.07.13;128.10;128.10;128.20;128.70;128.00;261286808;2037082;2564;2572;
08.07.13;127.90;127.90;128.10;128.20;127.00;257939743;2018254;3060;3068;
05.07.13;126.50;126.40;126.50;127.30;126.30;330522726;2608682;4416;4422;
04.07.13;126.80;126.70;126.80;127.00;126.30;323661891;2555620;2954;2964;
03.07.13;125.50;125.40;125.50;127.20;125.10;371538526;2945725;3869;3877;
02.07.13;127.20;127.20;127.30;127.60;126.20;321663435;2531761;3749;3757;
01.07.13;126.90;126.80;126.90;126.90;125.60;241050588;1905931;3349;3352;
28.06.13;125.30;125.20;125.30;126.90;125.10;320534345;2550235;2613;2624;
27.06.13;125.70;125.70;125.80;126.00;124.30;244344859;1950519;2496;2502;
26.06.13;124.90;124.90;125.20;126.30;124.60;329884393;2631861;3497;3505;
25.06.13;124.70;124.70;124.80;126.70;123.50;573327312;4569693;6457;6463;
24.06.13;123.00;123.00;123.20;126.80;122.90;568593786;4566547;5902;5907;
21.06.13;126.00;126.00;126.10;126.70;125.50;385846698;3055498;3794;3812;
20.06.13;125.70;125.60;125.70;126.70;124.60;531846777;4229793;5190;5204;
19.06.13;126.20;126.20;126.30;128.40;126.20;354447234;2790312;3613;3626;
18.06.13;127.80;127.70;127.80;128.20;127.00;344537017;2699550;3971;3979;
17.06.13;127.70;127.60;127.70;128.40;126.90;347904743;2725351;3525;3540;
14.06.13;126.80;126.80;126.90;127.60;126.40;536346908;4220068;5061;5079;
13.06.13;126.50;126.40;126.50;127.40;125.30;440762628;3486618;4176;4184;
12.06.13;127.20;127.20;127.30;128.40;127.00;389828659;3057017;4500;4515;
11.06.13;126.70;126.70;126.90;129.30;126.70;564310299;4421755;4754;4767;
10.06.13;129.00;128.80;129.00;129.90;128.40;345867317;2681449;3700;3710;
07.06.13;129.30;129.20;129.30;129.80;127.50;502047124;3896995;5129;5138;
06.06.13;130.30;130.30;130.40;131.80;130.10;296193708;2263485;3543;3561;
05.06.13;131.70;131.70;131.90;133.70;131.70;300902242;2270610;3731;3736;
04.06.13;132.70;132.60;132.70;133.00;132.00;284110831;2144004;3382;3393;
03.06.13;132.30;132.30;132.40;133.20;132.20;342793402;2586619;3344;3353;
31.05.13;133.70;133.60;133.70;134.90;133.00;436232002;3264060;3814;3822;
30.05.13;133.40;133.30;133.40;134.60;133.40;453148887;3382828;3601;3615;
29.05.13;132.60;132.60;132.70;133.50;132.60;297012425;2233991;3518;3553;
28.05.13;133.60;133.60;133.80;134.70;133.00;490866950;3667385;4121;4134;
27.05.13;133.00;132.90;133.00;133.30;132.20;200779480;1512601;2185;2201;
24.05.13;132.30;132.20;132.30;132.30;131.20;483568307;3666218;3672;3683;
23.05.13;130.50;130.50;130.60;131.50;130.00;615053496;4702993;4789;4813;
22.05.13;131.20;131.20;131.30;131.60;130.20;351714358;2688100;3355;3373;
21.05.13;130.30;130.20;130.30;130.80;129.60;779519297;5984179;5938;5968;
16.05.13;129.30;129.30;129.40;130.50;129.00;705724326;5450531;6627;6678;
15.05.13;130.80;130.80;130.90;132.00;128.50;1077687778;8271802;8357;8440;
14.05.13;138.50;138.40;138.50;139.10;137.80;573261518;4146176;5040;5073;
13.05.13;138.80;138.70;138.80;139.20;138.30;555525367;4003004;3761;3810;
10.05.13;137.90;137.90;138.10;139.60;137.90;425988218;3071235;4500;4511;
08.05.13;138.90;138.70;138.90;139.60;137.70;387620461;2796286;4309;4320;
07.05.13;137.90;137.90;138.00;138.50;136.10;582945805;4243264;4918;4929;
06.05.13;137.70;137.50;137.70;137.70;135.90;387760125;2831813;3111;3124;
03.05.13;137.90;137.80;137.90;138.20;134.70;862636373;6326774;6957;6974;
02.05.13;135.20;135.10;135.20;137.10;134.60;911961616;6715186;8185;8208;
30.04.13;140.70;140.60;140.70;140.70;138.50;536210700;3830998;4519;4530;
29.04.13;138.20;138.20;138.30;138.90;138.20;343650386;2481376;2925;2938;
26.04.13;138.40;138.40;138.50;139.00;137.80;300545569;2170332;3232;3237;
25.04.13;138.70;138.70;138.80;139.00;136.80;434037929;3147019;5235;5252;
24.04.13;137.90;137.80;137.90;138.30;136.40;524584491;3820361;4995;5012;
23.04.13;136.20;136.10;136.20;136.20;134.80;540066158;3979280;4290;4304;
22.04.13;135.50;135.50;135.80;136.60;135.50;382987770;2817374;4038;4054;
19.04.13;135.80;135.60;135.80;136.70;135.20;510998911;3753158;4530;4547;
18.04.13;133.60;133.50;133.60;134.40;132.60;388806650;2915543;3524;3540;
17.04.13;132.90;132.90;133.20;136.00;132.90;513803851;3840166;4926;4934;
16.04.13;135.30;135.20;135.30;135.30;133.70;456872179;3393569;4663;4675;
15.04.13;135.20;135.10;135.20;137.40;134.10;574384168;4243440;4533;4543;
12.04.13;137.00;137.00;137.10;138.40;137.00;375850265;2735653;3727;3744;
11.04.13;138.20;138.20;138.40;140.30;138.10;347051753;2500880;3258;3263;
10.04.13;139.80;139.70;139.80;140.80;139.10;512617948;3667250;4703;4714;
09.04.13;138.90;138.80;138.90;140.20;138.10;265227151;1908865;3017;3029;
08.04.13;139.20;139.10;139.20;139.50;137.70;251645632;1810568;2512;2520;
05.04.13;137.50;137.50;137.60;140.10;137.10;442161215;3200260;4164;4183;
04.04.13;139.30;139.30;139.40;140.90;139.10;498231222;3559455;4496;4501;
03.04.13;141.40;141.40;141.50;141.70;140.60;381091409;2697788;3380;3385;
02.04.13;141.10;141.10;141.30;143.20;141.10;789608589;5570149;5843;5852;
27.03.13;141.20;141.10;141.50;142.50;140.90;285803088;2019441;2333;2338;
26.03.13;141.50;141.50;141.60;142.60;141.00;311121346;2196454;3495;3506;
25.03.13;141.50;141.50;141.60;143.60;141.40;390204514;2746997;3374;3382;
22.03.13;142.30;142.30;142.50;142.70;141.70;381270804;2683798;2866;2884;
21.03.13;141.50;141.50;141.60;142.00;140.40;345422955;2445045;3833;3838;
20.03.13;140.50;140.50;140.60;142.00;140.10;385296364;2734402;3012;3024;
19.03.13;140.80;140.70;140.80;141.50;140.20;324056249;2299362;3008;3019;
18.03.13;140.50;140.50;140.70;140.90;139.40;467330976;3330448;3615;3624;
15.03.13;141.00;140.90;141.00;141.40;139.80;912895572;6485947;4348;4361;
14.03.13;141.20;141.10;141.20;141.50;140.00;560773319;3983603;4680;4688;
13.03.13;140.90;140.90;141.00;142.80;140.60;385509470;2729075;3036;3046;
12.03.13;142.40;142.30;142.40;142.80;140.50;436457068;3065018;4146;4156;
11.03.13;142.00;142.00;142.10;142.40;141.40;352907826;2486420;3559;3572;
08.03.13;141.50;141.40;141.50;142.60;141.10;322239316;2272770;3198;3214;
07.03.13;140.80;140.80;141.00;142.80;140.80;407838009;2881337;3532;3543;
06.03.13;141.80;141.70;141.80;142.00;141.30;399076181;2814448;4113;4120;
05.03.13;141.90;141.90;142.00;142.40;140.00;616604439;4355698;5573;5584;
04.03.13;141.40;141.20;141.40;142.00;139.50;465007823;3291511;4875;4887;
01.03.13;141.90;141.80;141.90;143.20;141.60;385579745;2710436;3585;3594;
28.02.13;142.70;142.70;142.90;144.30;142.60;404013734;2823069;3765;3775;
27.02.13;143.00;143.00;143.10;143.70;142.20;291527556;2038209;2854;2859;
26.02.13;142.80;142.80;142.90;143.70;141.80;355968165;2488032;3678;3685;
25.02.13;144.40;144.30;144.60;144.90;143.10;378036269;2621996;3831;3846;
22.02.13;142.20;142.20;142.30;144.10;141.70;640153833;4484810;4789;4806;
21.02.13;143.00;142.90;143.00;144.30;142.30;425822121;2975610;4073;4083;
20.02.13;144.70;144.50;144.70;144.90;143.80;319631037;2213480;3189;3201;
19.02.13;144.30;144.30;144.50;144.90;143.60;364420620;2525310;3201;3211;
18.02.13;143.70;143.60;143.70;144.20;142.80;316831045;2208397;3083;3096;
15.02.13;143.60;143.50;143.60;143.60;142.00;597765639;4179304;4533;4537;
14.02.13;143.20;143.20;143.30;144.50;143.00;616354748;4288940;4071;4081;
13.02.13;144.10;143.90;144.10;145.10;143.60;516874834;3584220;4345;4353;
12.02.13;144.30;144.20;144.30;145.10;143.60;467644783;3238046;4138;4149;
11.02.13;144.20;144.20;144.30;146.00;144.20;456905731;3152457;3979;3992;
08.02.13;146.10;146.00;146.10;146.80;145.20;502289307;3437811;5100;5112;
07.02.13;145.70;145.60;145.70;148.10;145.50;792579701;5397205;7063;7076;
06.02.13;144.30;144.30;144.40;146.60;144.30;400920746;2761436;3733;3743;
05.02.13;145.90;145.80;145.90;146.20;144.50;389538343;2675089;3970;3987;
04.02.13;146.10;146.10;146.20;148.50;146.10;360364300;2453912;4335;4359;
01.02.13;146.90;146.60;146.90;146.90;145.50;502859371;3434196;4738;4752;
31.01.13;145.50;145.50;145.70;146.70;145.20;433799365;2972740;3318;3331;
30.01.13;146.00;146.00;146.10;146.30;145.00;417415294;2863124;4171;4186;
29.01.13;145.00;145.00;145.10;145.20;144.50;294771192;2033351;2961;2966;
28.01.13;144.80;144.80;144.90;146.20;144.80;401955147;2770075;3940;3955;
25.01.13;146.50;146.50;146.60;147.00;145.20;449237463;3074502;4619;4632;
24.01.13;145.90;145.80;145.90;146.80;144.60;492093975;3371716;3930;3946;
23.01.13;145.30;145.30;145.40;145.40;142.20;441856205;3068097;3932;3936;
22.01.13;143.00;142.90;143.00;143.90;142.20;505738078;3539117;4145;4158;
21.01.13;143.60;143.30;143.60;144.00;143.00;299138176;2084594;2559;2568;
18.01.13;144.00;143.90;144.00;144.00;142.70;508106518;3539420;4271;4286;
17.01.13;143.50;143.40;143.50;143.80;142.50;324971278;2271149;3280;3291;
16.01.13;143.80;143.70;143.80;143.80;142.40;354350660;2474241;3439;3450;
15.01.13;142.70;142.60;142.70;142.70;141.00;340612725;2397181;3901;3907;
14.01.13;141.60;141.60;141.90;142.30;140.90;323177348;2281157;3458;3471;
11.01.13;141.20;141.00;141.20;142.50;140.70;279014272;1973215;2741;2756;
10.01.13;141.80;141.70;141.80;142.70;141.30;314873848;2217418;3087;3100;
09.01.13;142.20;142.00;142.20;142.50;140.90;408527079;2880222;3661;3670;
08.01.13;141.00;141.00;141.10;141.20;140.20;325166746;2309474;3447;3463;
07.01.13;141.10;141.00;141.10;142.90;140.30;280364811;1984516;3174;3186;
04.01.13;142.30;142.30;142.40;142.30;140.80;378823905;2674168;3464;3476;
03.01.13;141.80;141.60;141.80;142.60;140.90;252400791;1782473;2535;2556;
02.01.13;141.90;141.80;141.90;141.90;140.50;398828544;2821261;3742;3768;
28.12.12;139.00;139.00;139.10;140.20;138.60;345939043;2481088;2752;2759;
27.12.12;139.50;139.50;139.70;140.60;139.50;169071453;1207735;2043;2046;
21.12.12;140.40;140.30;140.40;140.50;138.00;479778372;3426471;4331;4358;
20.12.12;138.80;138.80;138.90;140.30;138.50;576873295;4142486;3966;3982;
19.12.12;140.60;140.50;140.60;141.60;139.80;587512522;4174446;5409;5426;
18.12.12;139.00;139.00;139.10;139.50;138.50;379028892;2728004;4389;4405;
17.12.12;137.90;137.50;137.90;138.90;137.40;283994981;2059788;3096;3109;
14.12.12;138.70;138.70;138.80;139.60;137.70;374097770;2699327;3443;3454;
13.12.12;139.00;138.80;139.00;140.10;138.60;419663607;3014197;3664;3679;
12.12.12;139.80;139.80;139.90;140.50;138.30;465206222;3327499;4193;4211;
11.12.12;138.90;138.80;138.90;138.90;137.50;373536469;2696482;3320;3346;
10.12.12;138.10;138.00;138.10;138.10;136.50;250081747;1818328;2526;2541;
07.12.12;136.40;136.40;136.50;137.20;136.00;256096246;1876938;2913;2925;
06.12.12;137.00;136.90;137.00;137.50;135.00;502223037;3673089;4779;4793;
05.12.12;135.40;135.40;135.50;137.50;135.40;426361395;3137462;4569;4584;
04.12.12;136.30;136.30;136.40;137.50;136.10;293642749;2147778;3610;3628;
03.12.12;137.80;137.80;137.90;139.20;137.80;273484810;1977634;3282;3292;
30.11.12;138.50;138.40;138.50;139.40;138.10;669813775;4827178;4959;4971;
29.11.12;139.30;139.20;139.30;139.80;137.60;422248667;3037594;3444;3454;
28.11.12;137.10;137.10;137.20;138.40;136.70;349717755;2546382;4155;4165;
27.11.12;139.00;139.00;139.20;140.50;138.90;326299105;2340028;3416;3428;
26.11.12;139.10;139.10;139.20;139.70;138.80;311629577;2238949;2948;2954;
23.11.12;139.80;139.80;139.90;140.40;139.00;312082590;2236721;2819;2830;
22.11.12;140.40;140.20;140.40;140.40;138.30;451632312;3238180;3576;3582;
21.11.12;138.40;138.30;138.40;139.10;137.50;458765970;3319847;4488;4496;
20.11.12;139.30;139.20;139.30;140.00;138.20;445031093;3202728;4204;4213;
19.11.12;140.40;140.30;140.40;140.40;136.60;535491054;3856839;5011;5018;
16.11.12;136.00;136.00;136.10;137.30;135.30;442925847;3250315;4629;4655;
15.11.12;137.40;137.30;137.40;137.90;136.30;457439798;3330676;4674;4690;
14.11.12;136.90;136.90;137.10;137.60;136.50;285183819;2079158;3237;3249;
13.11.12;137.00;136.90;137.00;137.20;136.00;318950848;2334073;3789;3797;
12.11.12;137.80;137.80;137.90;138.60;137.50;275283527;1995503;3153;3166;
09.11.12;137.90;137.90;138.00;138.50;136.70;473270245;3431495;5190;5201;
08.11.12;137.50;137.50;137.60;139.40;136.80;525665612;3812873;5362;5378;
07.11.12;138.20;138.00;138.20;140.90;137.90;460152601;3306143;4169;4181;
06.11.12;139.20;139.10;139.20;140.40;138.80;400497693;2872415;4147;4160;
05.11.12;139.70;139.60;139.70;139.70;138.60;386780638;2780202;4005;4017;
02.11.12;140.10;140.10;140.30;141.40;139.90;498373510;3546879;5236;5250;
01.11.12;141.20;141.10;141.20;141.30;138.80;674808707;4805278;6545;6561;
31.10.12;140.90;140.80;140.90;143.40;140.30;543677751;3848445;5863;5882;
30.10.12;142.30;142.30;142.40;143.50;142.10;236046358;1653226;2549;2554;
29.10.12;142.00;142.00;142.30;143.50;141.60;322901656;2266468;3607;3624;
26.10.12;141.40;141.40;142.10;145.10;139.30;881388215;6206062;8058;8070;
25.10.12;142.60;142.50;142.60;143.20;140.90;483358898;3399275;5072;5089;
24.10.12;141.80;141.70;141.80;142.70;140.20;544227574;3836715;5717;5743;
23.10.12;142.20;142.20;142.30;146.20;142.10;401119629;2792944;4463;4474;
22.10.12;146.00;145.90;146.00;146.70;145.60;339636729;2323223;3821;3833;
19.10.12;146.00;146.00;146.40;147.90;145.90;464630566;3166574;3565;3581;
18.10.12;146.90;146.90;147.00;148.40;146.60;462467988;3140638;4244;4268;
17.10.12;147.20;147.20;147.30;147.90;146.30;422670893;2875042;4100;4106;
16.10.12;147.50;147.30;147.50;147.50;145.20;412028693;2813323;3852;3859;
15.10.12;146.40;146.30;146.40;147.00;145.50;301540146;2059467;3652;3661;
12.10.12;146.20;146.20;146.30;147.00;145.80;287303270;1960390;3866;3870;
11.10.12;146.60;146.60;146.70;147.00;144.60;354218793;2422177;3590;3602;
10.10.12;145.30;145.30;145.40;145.90;144.60;357052672;2457535;3890;3902;
09.10.12;145.80;145.70;145.80;146.40;145.10;374410072;2568656;4374;4384;
08.10.12;145.40;145.40;145.50;146.20;144.90;273021655;1876122;2952;2957;
05.10.12;146.50;146.30;146.50;146.60;145.20;521403084;3570861;4324;4342;
04.10.12;144.60;144.60;144.90;147.50;144.10;687185340;4733389;6819;6835;
03.10.12;147.40;147.30;147.40;147.90;146.60;424977559;2886156;3455;3474;
02.10.12;148.50;148.40;148.50;148.60;147.00;378634180;2557937;3769;3790;
01.10.12;148.70;148.70;148.80;149.00;146.30;478053294;3235586;4890;4907;
28.09.12;147.90;147.90;148.00;150.00;147.60;650152988;4381779;4531;4542;
27.09.12;148.90;148.80;148.90;150.10;148.20;436988447;2932098;4145;4155;
26.09.12;149.20;149.10;149.20;151.20;148.40;849394396;5673784;6398;6410;
25.09.12;153.50;153.30;153.50;153.90;152.40;376187041;2453674;3411;3422;
24.09.12;152.30;152.30;152.40;155.00;152.00;500502057;3264098;5497;5509;
21.09.12;153.30;153.30;153.40;153.70;151.60;554898828;3629682;5152;5174;
20.09.12;151.40;151.30;151.40;151.70;150.20;815401768;5396810;5906;5927;
19.09.12;152.10;152.10;152.20;154.30;151.70;726328364;4739576;6148;6171;
18.09.12;152.10;152.10;152.20;153.20;151.30;500313084;3287812;5128;5135;
17.09.12;153.80;153.70;153.80;154.30;152.70;481062798;3133060;4107;4116;
14.09.12;154.50;154.50;154.70;154.90;150.20;999441248;6530218;6737;6767;
13.09.12;149.00;149.00;149.10;149.40;148.40;461567170;3097483;4146;4160;
12.09.12;148.40;148.40;148.50;149.80;148.40;492047925;3304537;5280;5290;
11.09.12;149.00;149.00;149.20;149.40;148.30;360678209;2422499;3818;3824;
10.09.12;149.50;149.20;149.50;149.50;148.10;284847765;1912860;2909;2919;
07.09.12;149.60;149.40;149.60;150.40;148.80;346272506;2316075;3578;3591;
06.09.12;150.00;150.00;150.20;150.50;147.30;508642521;3417434;4536;4542;
05.09.12;147.50;147.20;147.50;148.50;146.20;618436850;4202102;6744;6754;
04.09.12;148.00;148.00;148.10;150.00;148.00;400194104;2684177;3911;3919;
03.09.12;149.60;149.30;149.60;149.70;148.00;299116158;2004193;3000;3013;
31.08.12;148.80;148.80;148.90;149.60;147.00;526896182;3542974;4216;4224;
30.08.12;146.60;146.50;146.60;147.70;146.50;272978052;1857149;3108;3115;
29.08.12;148.40;148.10;148.40;148.60;147.30;410179828;2768191;3649;3657;
28.08.12;147.80;147.80;147.90;148.70;147.00;315766945;2135307;3326;3331;
27.08.12;148.10;148.10;148.20;148.30;146.50;339825316;2299168;2783;2793;
24.08.12;146.90;146.70;146.90;148.00;145.90;280551944;1910256;3576;3586;
23.08.12;146.80;146.80;147.00;150.00;146.80;386396483;2607204;4037;4046;
22.08.12;149.60;149.40;149.60;150.40;147.80;396634171;2661034;3806;3815;
21.08.12;150.80;150.80;151.10;151.50;149.20;526131480;3497897;4171;4186;
20.08.12;148.50;148.50;148.70;150.30;148.50;352121327;2359017;3962;3968;
17.08.12;149.30;149.20;149.30;149.60;148.00;440505078;2958508;4609;4626;
16.08.12;148.90;148.90;149.00;150.00;148.90;376877240;2522123;3947;3965;
15.08.12;150.00;149.70;150.00;150.00;147.80;371209802;2489426;2808;2816;
14.08.12;148.50;148.50;148.70;149.10;147.50;379900918;2559576;3411;3424;
13.08.12;147.50;147.50;147.70;148.50;145.40;438617090;2980261;4398;4403;
10.08.12;148.50;148.50;148.80;149.20;148.10;390355308;2625684;3825;3831;
09.08.12;149.40;149.00;149.40;149.40;147.30;447535582;3017301;4149;4156;
08.08.12;147.70;147.70;147.80;149.20;146.60;415109456;2811412;4150;4158;
07.08.12;149.50;149.40;149.50;149.60;145.90;561815944;3784724;5453;5465;
06.08.12;146.30;146.20;146.30;146.70;145.50;300114451;2053420;2749;2762;
03.08.12;146.00;145.80;146.00;146.10;143.30;443953865;3059520;3956;3964;
02.08.12;143.20;143.10;143.20;145.20;141.50;645186986;4495978;7660;7667;
01.08.12;144.20;144.10;144.20;144.40;142.40;424567189;2953218;4169;4174;
31.07.12;143.90;143.90;144.00;146.50;143.80;465062558;3216086;4082;4091;
30.07.12;146.30;146.30;146.40;147.20;144.90;387401958;2651054;3928;3949;
27.07.12;145.40;145.40;145.50;145.90;143.90;445619006;3076109;4687;4692;
26.07.12;144.00;144.00;144.10;144.70;140.10;665645044;4634838;6741;6750;
25.07.12;141.00;141.00;141.10;143.20;140.70;386589197;2728864;5102;5109;
24.07.12;142.10;142.10;142.20;144.80;141.80;436211456;3049112;4715;4724;
23.07.12;144.00;143.90;144.00;145.90;142.50;585120550;4064852;6583;6587;
20.07.12;146.90;146.80;146.90;147.00;144.80;495800263;3395356;5107;5122;
19.07.12;145.20;145.20;145.40;145.80;144.60;368416623;2536188;4270;4282;
18.07.12;144.50;144.40;144.50;144.60;142.50;376631047;2619608;4494;4503;
17.07.12;142.40;142.40;142.50;143.30;141.90;430789446;3020195;4701;4708;
16.07.12;142.50;142.40;142.50;142.70;141.40;314308064;2212571;4203;4210;
13.07.12;142.30;142.20;142.30;142.30;140.40;430086399;3040098;4827;4840;
12.07.12;140.10;140.10;140.20;142.70;139.60;412133725;2925593;4447;4455;
11.07.12;143.30;143.10;143.30;143.30;141.60;301766867;2115470;3361;3367;
10.07.12;143.50;143.40;143.50;143.50;141.70;532743479;3725104;5007;5019;
09.07.12;140.80;140.80;141.10;142.70;140.80;468438963;3311973;4412;4423;
06.07.12;141.10;141.10;141.30;143.60;141.10;450896708;3170599;4430;4439;
05.07.12;142.60;142.60;142.70;144.40;140.90;1018061345;7149417;8505;8514;
04.07.12;144.10;143.90;144.10;146.40;142.90;385014172;2670908;3780;3792;
03.07.12;146.40;146.10;146.40;146.40;143.40;657193845;4529018;4729;4749;
02.07.12;143.00;143.00;143.10;144.00;140.80;680271978;4754764;6163;6184;
29.06.12;141.40;141.40;141.50;141.80;139.10;614825983;4371451;4536;4548;
28.06.12;137.20;137.20;137.30;138.60;136.30;658896241;4796057;5883;5894;
27.06.12;138.00;137.80;138.00;138.10;134.60;613109552;4485635;5696;5704;
26.06.12;133.80;133.80;133.90;135.90;133.20;701479139;5221585;5911;5922;
25.06.12;134.30;134.20;134.30;135.80;133.80;651305995;4831946;5748;5757;
22.06.12;135.30;135.30;135.40;136.30;134.50;725277824;5345818;6397;6431;
21.06.12;137.50;137.40;137.50;140.70;137.50;1267802950;9166820;8429;8446;
20.06.12;141.70;141.60;141.70;142.30;140.60;830209315;5872260;5952;5965;
19.06.12;140.90;140.90;141.00;141.30;139.20;601318246;4290986;5020;5030;
18.06.12;138.90;138.80;138.90;142.70;138.20;634116131;4538406;6435;6443;
15.06.12;140.00;140.00;140.10;140.20;136.50;928068708;6678986;7010;7026;
14.06.12;135.70;135.70;135.80;136.60;135.10;588830243;4335911;5796;5802;
13.06.12;135.90;135.90;136.00;138.00;135.60;663486987;4865781;5329;5339;
12.06.12;138.00;137.80;138.00;138.00;135.80;559238620;4081084;5019;5025;
11.06.12;136.50;136.50;136.60;139.70;136.50;555649270;4018375;4843;4849;
08.06.12;137.40;137.10;137.40;137.70;136.00;585969256;4283295;5573;5582;
07.06.12;137.70;137.60;137.70;139.10;136.80;759085605;5501395;6470;6486;
06.06.12;137.70;137.70;137.80;138.00;135.30;712956784;5197438;6693;6704;
05.06.12;134.70;134.60;134.70;136.90;134.40;491068638;3629929;4143;4149;
04.06.12;135.00;135.00;135.10;135.90;134.20;461922516;3420455;4191;4205;
01.06.12;136.40;136.30;136.40;139.20;135.20;878612712;6427604;9049;9062;
31.05.12;137.90;137.40;137.90;140.30;136.70;835039681;6034716;6588;6599;
30.05.12;137.70;137.70;137.80;140.30;137.20;916903183;6600323;7998;8016;
29.05.12;140.10;140.10;140.30;141.70;139.20;742124878;5289689;6782;6790;
25.05.12;140.70;140.60;140.70;141.00;138.70;722209825;5153694;6465;6474;
24.05.12;138.90;138.80;138.90;139.80;136.70;598235858;4326518;6368;6380;
23.05.12;136.50;136.50;136.60;139.70;136.50;640506226;4649433;5826;5838;
22.05.12;140.00;140.00;140.10;141.10;139.50;570158658;4064755;6484;6495;
21.05.12;139.10;139.10;139.30;140.10;137.60;597935928;4297754;6077;6089;
18.05.12;138.30;138.30;138.40;140.40;138.00;975682886;7003791;10230;10241;
16.05.12;142.90;142.90;143.00;145.50;142.60;918092128;6397440;9322;9361;
15.05.12;151.50;151.50;151.70;152.60;150.30;913317503;6062428;8110;8131;
14.05.12;150.70;150.60;150.70;151.00;149.10;741762639;4948859;6283;6301;
11.05.12;151.90;151.90;152.00;152.20;150.10;563090045;3726020;5554;5568;
10.05.12;151.50;151.50;151.60;152.00;148.60;855373813;5690808;6727;6740;
09.05.12;148.60;148.60;148.70;149.10;146.50;974897778;6602513;9770;9805;
08.05.12;146.50;146.50;146.80;154.30;146.50;1118553919;7468766;9962;9984;
